title,datetime,link,Negative,Neutral,Positive,Compound
BRIEF-Cytokinetics and Royalty Pharma announce $100 million ...,2017-02-02 00:00:00,https://news.google.com/./articles/CBMiLWh0dHBzOi8vd3d3LnJldXRlcnMuY29tL2FydGljbGUvaWRVU0ZXTjFGTjBOV9IBAA?hl=en-US&gl=US&ceid=US%3Aen,0.0,1.0,0.0,0.0
Cytokinetics Announces Start of Second Cohort in Phase 2 Clinical ...,2017-03-29 00:00:00,https://news.google.com/./articles/CBMixQFodHRwczovL3d3dy5nbG9iZW5ld3N3aXJlLmNvbS9uZXdzLXJlbGVhc2UvMjAxNy8wMy8yOS85NDYzMDcvMC9lbi9DeXRva2luZXRpY3MtQW5ub3VuY2VzLVN0YXJ0LW9mLVNlY29uZC1Db2hvcnQtaW4tUGhhc2UtMi1DbGluaWNhbC1UcmlhbC1vZi1DSy0yMTI3MTA3LWluLVBhdGllbnRzLVdpdGgtU3BpbmFsLU11c2N1bGFyLUF0cm9waHkuaHRtbNIBAA?hl=en-US&gl=US&ceid=US%3Aen,0.0,1.0,0.0,0.0
ACS-national-meeting-San-Francisco,2017-04-06 00:00:00,https://news.google.com/./articles/CBMiS2h0dHBzOi8vY2VuLmFjcy5vcmcvYXJ0aWNsZXMvOTUvaTE1L0FDUy1uYXRpb25hbC1tZWV0aW5nLVNhbi1GcmFuY2lzY28uaHRtbNIBAA?hl=en-US&gl=US&ceid=US%3Aen,0.0,1.0,0.0,0.0
BRIEF-Cytokinetics prices 5.26 mln common shares at $14.25 per ...,2017-05-08 00:00:00,https://news.google.com/./articles/CBMiVWh0dHBzOi8vd3d3LnJldXRlcnMuY29tL2FydGljbGUvYnJpZWYtY3l0b2tpbmV0aWNzLXByaWNlcy01MjYtbWxuLWNvbW1vbi1pZFVTQVNBMDlOWk3SAQA?hl=en-US&gl=US&ceid=US%3Aen,0.0,0.638,0.362,0.5267
"Mitsubishi's Radicava, first ALS med in decades, beats all comers to ...",2017-05-08 00:00:00,https://news.google.com/./articles/CBMiW2h0dHBzOi8vd3d3LmZpZXJjZXBoYXJtYS5jb20vcGhhcm1hL21pdHN1YmlzaGktdGFuYWJlLXdpbnMtZmRhLWJhY2tpbmctZm9yLWFscy1tZWQtcmFkaWNhdmHSAQA?hl=en-US&gl=US&ceid=US%3Aen,0.0,1.0,0.0,0.0
Regulators order AB Science to halt trial work on PhIII ALS drug ...,2017-05-12 00:00:00,https://news.google.com/./articles/CBMimQFodHRwczovL2VuZHB0cy5jb20vcmVndWxhdG9ycy1vcmRlci1hYi1zY2llbmNlLXRvLWhhbHQtdHJpYWwtd29yay1vbi1waC1paWktYWxzLWRydWctZGVtYW5kaW5nLXByb29mLWl0cy1sb25nLXJ1bm5pbmctY2xpbmljYWwtcHJvYmxlbXMtaGF2ZS1iZWVuLXNvbHZlZC_SAQA?hl=en-US&gl=US&ceid=US%3Aen,0.357,0.643,0.0,-0.7184
Chronic Obstructive Pulmonary Disease Pipeline to Witness Ma...,2017-05-17 00:00:00,https://news.google.com/./articles/CBMiiwFodHRwczovL21lbmFmbi5jb20vMTA5NTQ4Njg2MS9DaHJvbmljLU9ic3RydWN0aXZlLVB1bG1vbmFyeS1EaXNlYXNlLVBpcGVsaW5lLXRvLVdpdG5lc3MtTWFueS1UZWNobm9sb2dpY2FsLUFkdmFuY2VtZW50cy1pbi10aGUtQ29taW5nLVllYXJz0gEA?hl=en-US&gl=US&ceid=US%3Aen,0.0,1.0,0.0,0.0
Pfizer drug gets fast review in rare heart condition | pharmaphorum,2017-06-08 00:00:00,https://news.google.com/./articles/CBMiUGh0dHBzOi8vcGhhcm1hcGhvcnVtLmNvbS9uZXdzL3BmaXplci1kcnVncy1nZXRzLWZhc3QtcmV2aWV3LXJhcmUtaGVhcnQtY29uZGl0aW9u0gEA?hl=en-US&gl=US&ceid=US%3Aen,0.0,1.0,0.0,0.0
Astellas Puts Oncology Front Center,2017-07-07 00:00:00,https://news.google.com/./articles/CBMiTmh0dHBzOi8vd3d3LmxpZmVzY2llbmNlbGVhZGVyLmNvbS9kb2MvYXN0ZWxsYXMtcHV0cy1vbmNvbG9neS1mcm9udC1jZW50ZXItMDAwMdIBAA?hl=en-US&gl=US&ceid=US%3Aen,0.0,1.0,0.0,0.0
Cytokinetics inches forward with heart failure program,2017-08-02 00:00:00,https://news.google.com/./articles/CBMiYWh0dHBzOi8vd3d3LmJpb3BoYXJtYWRpdmUuY29tL25ld3MvY3l0b2tpbmV0aWNzLWluY2hlcy1mb3J3YXJkLXdpdGgtaGVhcnQtZmFpbHVyZS1wcm9ncmFtLzQ0ODQzOS_SAQA?hl=en-US&gl=US&ceid=US%3Aen,0.528,0.472,0.0,-0.765
Cytokinetics sinks on abandoning ALS drug after failed trial,2017-11-21 00:00:00,https://news.google.com/./articles/CBMiQ2h0dHBzOi8vd3d3LnJldXRlcnMuY29tL2FydGljbGUvdXMtY3l0b2tpbmV0aWNzLXN0dWR5LWlkVVNLQk4xREwxRlDSAQA?hl=en-US&gl=US&ceid=US%3Aen,0.684,0.316,0.0,-0.9153
New Malaria Species Discovered in Wild Bonobos,2017-11-21 00:00:00,https://news.google.com/./articles/CBMiaGh0dHBzOi8vd3d3LmdlbmVuZ25ld3MuY29tL3RvcGljcy90cmFuc2xhdGlvbmFsLW1lZGljaW5lL25ldy1tYWxhcmlhLXNwZWNpZXMtZGlzY292ZXJlZC1pbi13aWxkLWJvbm9ib3Mv0gEA?hl=en-US&gl=US&ceid=US%3Aen,0.0,1.0,0.0,0.0
Experimental Treatments for Myasthenia Gravis,2017-11-24 00:00:00,https://news.google.com/./articles/CBMiT2h0dHBzOi8vbXlhc3RoZW5pYWdyYXZpc25ld3MuY29tL2V4cGVyaW1lbnRhbC10cmVhdG1lbnRzLWZvci1teWFzdGhlbmlhLWdyYXZpcy_SAQA?hl=en-US&gl=US&ceid=US%3Aen,0.0,1.0,0.0,0.0
Tirasemtiv (CK-2017357) for Myasthenia Gravis,2017-11-26 00:00:00,https://news.google.com/./articles/CBMiTWh0dHBzOi8vbXlhc3RoZW5pYWdyYXZpc25ld3MuY29tL3RpcmFzZW10aXYtY2stMjAxNzM1Ny1mb3ItbXlhc3RoZW5pYS1ncmF2aXMv0gEA?hl=en-US&gl=US&ceid=US%3Aen,0.0,1.0,0.0,0.0
ALS Association's New President Urges Expanded Coverage of ...,2017-11-29 00:00:00,https://news.google.com/./articles/CBMibWh0dHBzOi8vYWxzbmV3c3RvZGF5LmNvbS9uZXdzL2Fscy1hc3NvY2lhdGlvbnMtbmV3LXByZXNpZGVudC1jYWxhbmVldC1iYWxhcy11cmdlcy1leHBhbmRlZC1jb3ZlcmFnZS1yYWRpY2F2YS_SAQA?hl=en-US&gl=US&ceid=US%3Aen,0.0,0.625,0.375,0.5574
ALS Lung-function Decline Scores Can Predict Breathing Failure...,2017-12-08 00:00:00,https://news.google.com/./articles/CBMicGh0dHBzOi8vYWxzbmV3c3RvZGF5LmNvbS9uZXdzL3N0dWR5LXJlcG9ydHMtdGhhdC1hbHMtbHVuZy1mdW5jdGlvbi1kZWNsaW5lLXNjb3Jlcy1jYW4tcHJlZGljdC1icmVhdGhpbmctZmFpbHVyZS_SAQA?hl=en-US&gl=US&ceid=US%3Aen,0.639,0.361,0.0,-0.9118
Paratek Pharmaceuticals Set To Explode As The Holy Grail Of ...,2017-12-12 00:00:00,https://news.google.com/./articles/CBMigAFodHRwczovL3NlZWtpbmdhbHBoYS5jb20vYXJ0aWNsZS80MTMxMjYzLXBhcmF0ZWstcGhhcm1hY2V1dGljYWxzLXNldC10by1leHBsb2RlLWhvbHktZ3JhaWwtb2YtYW50aWJpb3RpY3Mtb21hZGFjeWNsaW5lLW5lYXJzLWZkYdIBAA?hl=en-US&gl=US&ceid=US%3Aen,0.0,1.0,0.0,0.0
Unlucky 13: Top Clinical Trial Failures of 2017,2018-01-03 00:00:00,https://news.google.com/./articles/CBMiUmh0dHBzOi8vd3d3LmdlbmVuZ25ld3MuY29tL2EtbGlzdHMvdW5sdWNreS0xMy10b3AtY2xpbmljYWwtdHJpYWwtZmFpbHVyZXMtb2YtMjAxNy_SAQA?hl=en-US&gl=US&ceid=US%3Aen,0.5,0.268,0.232,-0.6124
Amgen: Outlook (NASDAQ:AMGN),2018-02-23 00:00:00,https://news.google.com/./articles/CBMiNmh0dHBzOi8vc2Vla2luZ2FscGhhLmNvbS9hcnRpY2xlLzQxNDk5NDEtYW1nZW4tb3V0bG9va9IBAA?hl=en-US&gl=US&ceid=US%3Aen,0.0,1.0,0.0,0.0
"Research finds female analysts are more accurate, make bolder calls",2018-03-08 00:00:00,https://news.google.com/./articles/CBMiZ2h0dHBzOi8vd3d3LmNuYmMuY29tLzIwMTgvMDMvMDgvcmVzZWFyY2gtZmluZHMtZmVtYWxlLWFuYWx5c3RzLWFyZS1tb3JlLWFjY3VyYXRlLW1ha2UtYm9sZGVyLWNhbGxzLmh0bWzSAWtodHRwczovL3d3dy5jbmJjLmNvbS9hbXAvMjAxOC8wMy8wOC9yZXNlYXJjaC1maW5kcy1mZW1hbGUtYW5hbHlzdHMtYXJlLW1vcmUtYWNjdXJhdGUtbWFrZS1ib2xkZXItY2FsbHMuaHRtbA?hl=en-US&gl=US&ceid=US%3Aen,0.0,0.673,0.327,0.5267
Comparing methods to combine functional loss and mortality in ...,2018-03-19 00:00:00,https://news.google.com/./articles/CBMihAFodHRwczovL3d3dy5kb3ZlcHJlc3MuY29tL2NvbXBhcmluZy1tZXRob2RzLXRvLWNvbWJpbmUtZnVuY3Rpb25hbC1sb3NzLWFuZC1tb3J0YWxpdHktaW4tY2xpbmljYWwtcGVlci1yZXZpZXdlZC1mdWxsdGV4dC1hcnRpY2xlLUNMRVDSAQA?hl=en-US&gl=US&ceid=US%3Aen,0.419,0.581,0.0,-0.5574
Online Tool Helps Predict Survival in ALS,2018-04-09 00:00:00,https://news.google.com/./articles/CBMiPWh0dHBzOi8vd3d3Lm1lZHBhZ2V0b2RheS5jb20vbmV1cm9sb2d5L2dlbmVyYWxuZXVyb2xvZ3kvNzIyMTTSAQA?hl=en-US&gl=US&ceid=US%3Aen,0.0,0.532,0.468,0.6597
CRISPR pioneer Doudna behind genetic testing startup (NASDAQ ...,2018-04-26 00:00:00,https://news.google.com/./articles/CBMiWmh0dHBzOi8vc2Vla2luZ2FscGhhLmNvbS9uZXdzLzMzNDkzODktY3Jpc3ByLXBpb25lZXItZG91ZG5hLWJlaGluZC1nZW5ldGljLXRlc3Rpbmctc3RhcnR1cNIBAA?hl=en-US&gl=US&ceid=US%3Aen,0.0,1.0,0.0,0.0
Neuraltus Weighs Future of Lead Candidate NP001 after Failure in ...,2018-04-26 00:00:00,https://news.google.com/./articles/CBMidGh0dHBzOi8vd3d3LmdlbmVuZ25ld3MuY29tL25ld3MvbmV1cmFsdHVzLXdlaWdocy1mdXR1cmUtb2YtbGVhZC1jYW5kaWRhdGUtbnAwMDEtYWZ0ZXItZmFpbHVyZS1pbi1waGFzZS1paS1hbHMtdHJpYWwv0gEA?hl=en-US&gl=US&ceid=US%3Aen,0.431,0.385,0.185,-0.6369
Individual risk prediction using data beyond the medical clinic,2018-08-13 00:00:00,https://news.google.com/./articles/CBMiJ2h0dHBzOi8vd3d3LmNtYWouY2EvY29udGVudC8xOTAvMzIvRTk0N9IBAA?hl=en-US&gl=US&ceid=US%3Aen,0.314,0.686,0.0,-0.4939
Premarket analyst action - healthcare (NASDAQ:CRSP),2018-10-10 00:00:00,https://news.google.com/./articles/CBMiSWh0dHBzOi8vc2Vla2luZ2FscGhhLmNvbS9uZXdzLzMzOTYyNTctcHJlbWFya2V0LWFuYWx5c3QtYWN0aW9uLWhlYWx0aGNhcmXSAQA?hl=en-US&gl=US&ceid=US%3Aen,0.0,1.0,0.0,0.0
Global burden of motor neuron diseases: mind the gaps,2018-11-05 00:00:00,https://news.google.com/./articles/CBMiU2h0dHBzOi8vd3d3LnRoZWxhbmNldC5jb20vam91cm5hbHMvbGFuZXVyL2FydGljbGUvUElJUzE0NzQtNDQyMigxOCkzMDM5OC0zL2Z1bGx0ZXh00gEA?hl=en-US&gl=US&ceid=US%3Aen,0.444,0.556,0.0,-0.7003
Increasing the dose intensity of chemotherapy by more frequent ...,2019-02-07 00:00:00,https://news.google.com/./articles/CBMiU2h0dHBzOi8vd3d3LnRoZWxhbmNldC5jb20vam91cm5hbHMvbGFuY2V0L2FydGljbGUvUElJUzAxNDAtNjczNigxOCkzMzEzNy00L2Z1bGx0ZXh00gEA?hl=en-US&gl=US&ceid=US%3Aen,0.0,0.526,0.474,0.5574
5 Tiny Biotech Stocks With Superb Growth Potential,2019-02-13 00:00:00,https://news.google.com/./articles/CBMiWGh0dHBzOi8vd3d3Lm5hc2RhcS5jb20vYXJ0aWNsZXMvNS10aW55LWJpb3RlY2gtc3RvY2tzLXN1cGVyYi1ncm93dGgtcG90ZW50aWFsLTIwMTktMDItMTPSAQA?hl=en-US&gl=US&ceid=US%3Aen,0.0,0.26,0.74,0.9246
5 Tiny Biotech Stocks With Superb Growth Potential,2019-02-13 00:00:00,https://news.google.com/./articles/CBMiSmh0dHBzOi8vZmluYW5jZS55YWhvby5jb20vbmV3cy81LXRpbnktYmlvdGVjaC1zdG9ja3Mtc3VwZXJiLTEzMzYwMTQ2OS5odG1s0gFSaHR0cHM6Ly9maW5hbmNlLnlhaG9vLmNvbS9hbXBodG1sL25ld3MvNS10aW55LWJpb3RlY2gtc3RvY2tzLXN1cGVyYi0xMzM2MDE0NjkuaHRtbA?hl=en-US&gl=US&ceid=US%3Aen,0.0,0.26,0.74,0.9246
Millennium Management Llc Buys,2019-02-16 00:00:00,https://news.google.com/./articles/CBMilgFodHRwczovL3d3dy5ndXJ1Zm9jdXMuY29tL25ld3MvODE3NjY2L21pbGxlbm5pdW0tbWFuYWdlbWVudC1sbGMtYnV5cy1zdGFyYnVja3MtY29ycC1jZWxnZW5lLWNvcnAtdGVzbGEtaW5jLXNlbGxzLWZvcnRpdmUtY29ycC1hZXRuYS1pbmMtbWljcm9zb2Z0LWNvcnDSAQA?hl=en-US&gl=US&ceid=US%3Aen,0.0,1.0,0.0,0.0
California's Women Requirement for Company Boards Could Pave ...,2019-03-21 00:00:00,https://news.google.com/./articles/CBMiOGh0dHBzOi8vd3d3LmJsb29tYmVyZy5jb20vZ3JhcGhpY3MvMjAxOS13b21lbi1vbi1ib2FyZHMv0gEA?hl=en-US&gl=US&ceid=US%3Aen,0.0,1.0,0.0,0.0
Maze Therapeutics Appoints Jason Coloma as Chief Executive ...,2019-06-18 00:00:00,https://news.google.com/./articles/CBMilwFodHRwczovL3d3dy5idXNpbmVzc3dpcmUuY29tL25ld3MvaG9tZS8yMDE5MDYxODAwNTEyOC9lbi9NYXplLVRoZXJhcGV1dGljcy1BcHBvaW50cy1KYXNvbi1Db2xvbWEtYXMtQ2hpZWYtRXhlY3V0aXZlLU9mZmljZXItYW5kLUV4cGFuZHMtTGVhZGVyc2hpcC1UZWFt0gEA?hl=en-US&gl=US&ceid=US%3Aen,0.0,1.0,0.0,0.0
Pfizer Names Former FDA Chief Gottlieb to Board of Directors,2019-06-27 00:00:00,https://news.google.com/./articles/CBMib2h0dHBzOi8vd3d3LmJsb29tYmVyZy5jb20vbmV3cy9hcnRpY2xlcy8yMDE5LTA2LTI3L3BmaXplci1uYW1lcy1mb3JtZXItZmRhLWNoaWVmLWdvdHRsaWViLXRvLWJvYXJkLW9mLWRpcmVjdG9yc9IBAA?hl=en-US&gl=US&ceid=US%3Aen,0.0,1.0,0.0,0.0
Elizabeth Warren to Ex-FDA Chief Scott Gottlieb: Quit Pfizer,2019-07-02 00:00:00,https://news.google.com/./articles/CBMicWh0dHBzOi8vd3d3LmJsb29tYmVyZy5jb20vbmV3cy9hcnRpY2xlcy8yMDE5LTA3LTAyL3dhcnJlbi1jYWxscy1vbi1mb3JtZXItZmRhLWNoaWVmLWdvdHRsaWViLXRvLXF1aXQtcGZpemVyLWJvYXJk0gEA?hl=en-US&gl=US&ceid=US%3Aen,0.385,0.615,0.0,-0.7184
Adding Reldesemtiv to SMA Therapies Improved Muscle Function in...,2019-07-10 00:00:00,https://news.google.com/./articles/CBMie2h0dHBzOi8vc21hbmV3c3RvZGF5LmNvbS9uZXdzL2FkZGluZy1yZWxkZXNlbXRpdi1zcGlucmF6YS1pbnZlc3RpZ2F0aW9uYWwtc21uLWMxLWltcHJvdmVkLW11c2NsZS1mdW5jdGlvbi1zbWEtbW91c2UtbW9kZWxzL9IBAA?hl=en-US&gl=US&ceid=US%3Aen,0.0,0.556,0.444,0.7003
$10 million grant awarded to Stanford-led team to support myosin ...,2019-07-11 00:00:00,https://news.google.com/./articles/CBMibmh0dHBzOi8vc3RhbmZvcmRkYWlseS5jb20vMjAxOS8wNy8xMS8xMC1taWxsaW9uLWdyYW50LWF3YXJkZWQtdG8tc3RhbmZvcmQtbGVkLXRlYW0tdG8tc3VwcG9ydC1teW9zaW4tcmVzZWFyY2gv0gEA?hl=en-US&gl=US&ceid=US%3Aen,0.0,0.258,0.742,0.9468
Huami set to launch ECG watches outside China | pharmaphorum,2019-07-18 00:00:00,https://news.google.com/./articles/CBMiS2h0dHBzOi8vcGhhcm1hcGhvcnVtLmNvbS9uZXdzL2h1YW1pLXNldC10by1sYXVuY2gtZWNnLXdhdGNoZXMtb3V0c2lkZS1jaGluYdIBAA?hl=en-US&gl=US&ceid=US%3Aen,0.0,1.0,0.0,0.0
Kilroy's Oyster Point lands Cytokinetics lease - San Francisco ...,2019-07-25 00:00:00,https://news.google.com/./articles/CBMiZ2h0dHBzOi8vd3d3LmJpempvdXJuYWxzLmNvbS9zYW5mcmFuY2lzY28vbmV3cy8yMDE5LzA3LzI1L2tpbHJveS1veXN0ZXItcG9pbnQtY3l0b2tpbmV0aWNzLWN5dGsta3JjLmh0bWzSAQA?hl=en-US&gl=US&ceid=US%3Aen,0.0,1.0,0.0,0.0
Novartis' heart failure drug misses expanded use trial target ...,2019-07-30 00:00:00,https://news.google.com/./articles/CBMiWmh0dHBzOi8vcGhhcm1hcGhvcnVtLmNvbS9uZXdzL25vdmFydGlzLWhlYXJ0LWZhaWx1cmUtZHJ1Zy1taXNzZXMtZXhwYW5kZWQtdXNlLXRyaWFsLXRhcmdldNIBAA?hl=en-US&gl=US&ceid=US%3Aen,0.448,0.345,0.207,-0.6369
Avidity Biosciences Adds Drug Development Veterans Edward Kaye ...,2019-08-22 00:00:00,https://news.google.com/./articles/CBMinQFodHRwczovL3d3dy5wcm5ld3N3aXJlLmNvbS9uZXdzLXJlbGVhc2VzL2F2aWRpdHktYmlvc2NpZW5jZXMtYWRkcy1kcnVnLWRldmVsb3BtZW50LXZldGVyYW5zLWVkd2FyZC1rYXllLWFuZC1ub3JlZW4taGVuaWctdG8tYm9hcmQtb2YtZGlyZWN0b3JzLTMwMDkwNTY1OC5odG1s0gEA?hl=en-US&gl=US&ceid=US%3Aen,0.0,1.0,0.0,0.0
Innovative SMA treatments: moving beyond genetics,2019-08-27 00:00:00,https://news.google.com/./articles/CBMiVmh0dHBzOi8vd3d3LnBoYXJtYWNldXRpY2FsLXRlY2hub2xvZ3kuY29tL2ZlYXR1cmVzL2lubm92YXRpdmUtc21hLXRyZWF0bWVudHMtZ2VuZXRpY3Mv0gEA?hl=en-US&gl=US&ceid=US%3Aen,0.0,0.51,0.49,0.7003
Tracy Murphy leaves Kilroy Realty - San Francisco Business Times,2019-09-05 00:00:00,https://news.google.com/./articles/CBMibmh0dHBzOi8vd3d3LmJpempvdXJuYWxzLmNvbS9zYW5mcmFuY2lzY28vbmV3cy8yMDE5LzA5LzA1L2tpbHJveS1yZWFsdHlzLXRvcC1iYXktYXJlYS1iaW90ZWNoLWV4ZWMtZGVwYXJ0cy5odG1s0gEA?hl=en-US&gl=US&ceid=US%3Aen,0.0,1.0,0.0,0.0
$35 billion startup Stripe considers move out of San Francisco,2019-09-20 00:00:00,https://news.google.com/./articles/CBMiaWh0dHBzOi8vd3d3LnNmY2hyb25pY2xlLmNvbS9idXNpbmVzcy9hcnRpY2xlLzM1LWJpbGxpb24tc3RhcnR1cC1TdHJpcGUtY29uc2lkZXJzLW1vdmUtb3V0LW9mLTE0NDUzNjg4LnBocNIBAA?hl=en-US&gl=US&ceid=US%3Aen,0.0,1.0,0.0,0.0
"Les Turner ALS Foundation's ALS Walk for Life Raises $680,000",2019-10-04 00:00:00,https://news.google.com/./articles/CBMiaWh0dHBzOi8vd3d3LmRhaWx5aGVyYWxkLmNvbS9zdWJtaXR0ZWQvMjAxOTEwMDMvbGVzLXR1cm5lci1hbHMtZm91bmRhdGlvbnMtYWxzLXdhbGstZm9yLWxpZmUtcmFpc2VzLTY4MDAwMNIBAA?hl=en-US&gl=US&ceid=US%3Aen,0.0,1.0,0.0,0.0
Amgen 2019: Building capacity to innovate and grow – PharmaLive,2019-10-14 00:00:00,https://news.google.com/./articles/CBMiTWh0dHBzOi8vd3d3LnBoYXJtYWxpdmUuY29tL2FtZ2VuLTIwMTktYnVpbGRpbmctY2FwYWNpdHktdG8taW5ub3ZhdGUtYW5kLWdyb3cv0gEA?hl=en-US&gl=US&ceid=US%3Aen,0.0,0.481,0.519,0.7506
2nd most valuable U.S. startup to leave SF as city loses another ...,2019-10-23 00:00:00,https://news.google.com/./articles/CBMiZmh0dHBzOi8vd3d3LnNmY2hyb25pY2xlLmNvbS9idXNpbmVzcy9hcnRpY2xlLzJuZC1tb3N0LXZhbHVhYmxlLVUtUy1zdGFydHVwLXRvLWxlYXZlLVNGLWFzLTE0NTU4MDY3LnBocNIBAA?hl=en-US&gl=US&ceid=US%3Aen,0.329,0.329,0.342,0.296
"Most Comprehensive Study of Genetic, Sudden-Death Heart ...",2019-11-06 00:00:00,https://news.google.com/./articles/CBMic2h0dHBzOi8vbmV3cy52aXJnaW5pYS5lZHUvY29udGVudC9tb3N0LWNvbXByZWhlbnNpdmUtc3R1ZHktZ2VuZXRpYy1zdWRkZW4tZGVhdGgtaGVhcnQtY29uZGl0aW9uLXBvc3RzLWZpcnN0LXJlc3VsdHPSAQA?hl=en-US&gl=US&ceid=US%3Aen,0.493,0.29,0.217,-0.7003
Here's Why Cytokinetics Stock Tanked on Thursday,2019-11-07 00:00:00,https://news.google.com/./articles/CBMiXmh0dHBzOi8vd3d3LmZvb2wuY29tL2ludmVzdGluZy8yMDE5LzExLzA3L2hlcmVzLXdoeS1jeXRva2luZXRpY3Mtc3RvY2stdGFua2VkLW9uLXRodXJzZGF5LmFzcHjSAQA?hl=en-US&gl=US&ceid=US%3Aen,0.0,1.0,0.0,0.0
Stock Picks & Analyst Ratings from Dawson James,2019-11-12 00:00:00,https://news.google.com/./articles/CBMiUGh0dHBzOi8vd3d3Lm1hcmtldGJlYXQuY29tL3JhdGluZ3MvYnktaXNzdWVyL2Rhd3Nvbi1qYW1lcy1zdG9jay1yZWNvbW1lbmRhdGlvbnMv0gEA?hl=en-US&gl=US&ceid=US%3Aen,0.0,1.0,0.0,0.0
Amgen plots South San Francisco move to BioMed's Gateway of ...,2019-12-09 00:00:00,https://news.google.com/./articles/CBMibWh0dHBzOi8vd3d3LmJpempvdXJuYWxzLmNvbS9zYW5mcmFuY2lzY28vbmV3cy8yMDE5LzEyLzA5L2FtZ2VuLWJpb21lZC1nYXRld2F5LW9mLXBhY2lmaWMtYW1nbi1ibGFja3N0b25lLmh0bWzSAQA?hl=en-US&gl=US&ceid=US%3Aen,0.0,1.0,0.0,0.0
FDA Grants Orphan Designation to Reldesemtiv for ALS,2019-12-19 00:00:00,https://news.google.com/./articles/CBMiamh0dHBzOi8vd3d3LmVtcHIuY29tL2hvbWUvbmV3cy9kcnVncy1pbi10aGUtcGlwZWxpbmUvZmRhLWdyYW50cy1vcnBoYW4tZGVzaWduYXRpb24tdG8tcmVsZGVzZW10aXYtZm9yLWFscy_SAQA?hl=en-US&gl=US&ceid=US%3Aen,0.0,0.556,0.444,0.6124
Cytokinetics: Multiple Growth Catalysts Ahead In 2020 (NASDAQ ...,2020-03-11 00:00:00,https://news.google.com/./articles/CBMiXWh0dHBzOi8vc2Vla2luZ2FscGhhLmNvbS9hcnRpY2xlLzQzMzExOTktY3l0b2tpbmV0aWNzLW11bHRpcGxlLWdyb3d0aC1jYXRhbHlzdHMtYWhlYWQtaW4tMjAyMNIBAA?hl=en-US&gl=US&ceid=US%3Aen,0.0,0.543,0.457,0.6369
Flat Oil Futures Should Keep Frackers Quiet,2020-05-15 00:00:00,https://news.google.com/./articles/CBMiTGh0dHBzOi8vZmluYW5jZS55YWhvby5jb20vbmV3cy9mbGF0LW9pbC1mdXR1cmVzLWtlZXAtZnJhY2tlcnMtMTYwOTUzMTQ5Lmh0bWzSAVRodHRwczovL2ZpbmFuY2UueWFob28uY29tL2FtcGh0bWwvbmV3cy9mbGF0LW9pbC1mdXR1cmVzLWtlZXAtZnJhY2tlcnMtMTYwOTUzMTQ5Lmh0bWw?hl=en-US&gl=US&ceid=US%3Aen,0.0,1.0,0.0,0.0
"Hedge Funds Have Never Been This Bullish On Cytokinetics, Inc. (CYTK)",2020-06-16 00:00:00,https://news.google.com/./articles/CBMiVGh0dHBzOi8vZmluYW5jZS55YWhvby5jb20vbmV3cy9oZWRnZS1mdW5kcy1uZXZlci1idWxsaXNoLWN5dG9raW5ldGljcy0wMTQ4NDYxNTkuaHRtbNIBXGh0dHBzOi8vZmluYW5jZS55YWhvby5jb20vYW1waHRtbC9uZXdzL2hlZGdlLWZ1bmRzLW5ldmVyLWJ1bGxpc2gtY3l0b2tpbmV0aWNzLTAxNDg0NjE1OS5odG1s?hl=en-US&gl=US&ceid=US%3Aen,0.0,1.0,0.0,0.0
"Homology Medicines, Inc. (FIXX): Hedge Funds Are Snapping Up",2020-06-27 00:00:00,https://news.google.com/./articles/CBMiT2h0dHBzOi8vZmluYW5jZS55YWhvby5jb20vbmV3cy9ob21vbG9neS1tZWRpY2luZXMtaW5jLWZpeHgtaGVkZ2UtMTg1ODE1OTc0Lmh0bWzSAVdodHRwczovL2ZpbmFuY2UueWFob28uY29tL2FtcGh0bWwvbmV3cy9ob21vbG9neS1tZWRpY2luZXMtaW5jLWZpeHgtaGVkZ2UtMTg1ODE1OTc0Lmh0bWw?hl=en-US&gl=US&ceid=US%3Aen,0.0,1.0,0.0,0.0
Biotech legends Jim Spudich and Bill Rutter help launch parasite ...,2020-07-13 00:00:00,https://news.google.com/./articles/CBMib2h0dHBzOi8vd3d3LmJpempvdXJuYWxzLmNvbS9zYW5mcmFuY2lzY28vbmV3cy8yMDIwLzA3LzEzL2N5dG9raW5ldGljcy1rYWlub215eC1qaW0tc3B1ZGljaC1zdGFuZm9yZC1ydXR0ZXIuaHRtbNIBAA?hl=en-US&gl=US&ceid=US%3Aen,0.0,0.645,0.355,0.6597
Cytokinetics Announces Licensing Collaboration and Royalty ...,2020-07-14 00:00:00,https://news.google.com/./articles/CBMi6QFodHRwczovL3d3dy5nbG9iZW5ld3N3aXJlLmNvbS9uZXdzLXJlbGVhc2UvMjAyMC8wNy8xNC8yMDYxNzkwLzAvZW4vQ3l0b2tpbmV0aWNzLUFubm91bmNlcy1MaWNlbnNpbmctQ29sbGFib3JhdGlvbi1hbmQtUm95YWx0eS1Nb25ldGl6YXRpb24tRGVhbHMtd2l0aC1SVFctSW52ZXN0bWVudHMtRm9jdXNlZC10by1DSy0zNzczMjc0LU5leHQtR2VuZXJhdGlvbi1DYXJkaWFjLU15b3Npbi1JbmhpYml0b3IuaHRtbNIBAA?hl=en-US&gl=US&ceid=US%3Aen,0.0,0.444,0.556,0.7184
Cytokinetics Announces Initiation of Phase 1 Clinical Study of CK ...,2020-09-23 00:00:00,https://news.google.com/./articles/CBMikQFodHRwczovL3d3dy5nbG9iZW5ld3N3aXJlLmNvbS9uZXdzLXJlbGVhc2UvMjAyMC8wOS8yMy8yMDk3ODk0LzAvZW4vQ3l0b2tpbmV0aWNzLUFubm91bmNlcy1Jbml0aWF0aW9uLW9mLVBoYXNlLTEtQ2xpbmljYWwtU3R1ZHktb2YtQ0stMzc3MjI3MS5odG1s0gEA?hl=en-US&gl=US&ceid=US%3Aen,0.0,1.0,0.0,0.0
Moderna (NASDAQ:MRNA) Enters Licensing And Research ...,2020-10-05 00:00:00,https://news.google.com/./articles/CBMiqAFodHRwczovL2Jpb3BoYXJtYWpvdXJuYWwuY29tLzIwMjAvMTAvMDUvbW9kZXJuYS1uYXNkYXFtcm5hLWVudGVycy1saWNlbnNpbmctYW5kLXJlc2VhcmNoLWNvbGxhYm9yYXRpb25zLWFncmVlbWVudC13aXRoLXZlcnRleC1uYXNkYXF2cnR4LWZvci1tcm5hcy1hbmQtbG5wcy1kZXZlbG9wbWVudC_SAQA?hl=en-US&gl=US&ceid=US%3Aen,0.0,1.0,0.0,0.0
"Climate First Bank (In Organization) to Launch Premier Location in St. Petersburg, Introducing Values-Based Banking to an Unserved Community",2020-10-05 00:00:00,https://news.google.com/./articles/CBMiVGh0dHBzOi8vZmluYW5jZS55YWhvby5jb20vbmV3cy9jbGltYXRlLWZpcnN0LWJhbmstb3JnYW5pemF0aW9uLWxhdW5jaC0xNDAwMDAzODkuaHRtbNIBXGh0dHBzOi8vZmluYW5jZS55YWhvby5jb20vYW1waHRtbC9uZXdzL2NsaW1hdGUtZmlyc3QtYmFuay1vcmdhbml6YXRpb24tbGF1bmNoLTE0MDAwMDM4OS5odG1s?hl=en-US&gl=US&ceid=US%3Aen,0.0,0.596,0.404,0.8689
"Amgen, Cytokinetics and Servier Announce Topline Results From ...",2020-10-08 00:00:00,https://news.google.com/./articles/CBMi1QFodHRwczovL3d3dy5nbG9iZW5ld3N3aXJlLmNvbS9uZXdzLXJlbGVhc2UvMjAyMC8xMC8wOC8yMTA1NTk5LzAvZW4vQW1nZW4tQ3l0b2tpbmV0aWNzLWFuZC1TZXJ2aWVyLUFubm91bmNlLVRvcGxpbmUtUmVzdWx0cy1Gcm9tLUdBTEFDVElDLUhGLWEtUGhhc2UtMy1UcmlhbC1vZi1PbWVjYW10aXYtTWVjYXJiaWwtaW4tUGF0aWVudHMtV2l0aC1IZWFydC1GYWlsdXJlLmh0bWzSAQA?hl=en-US&gl=US&ceid=US%3Aen,0.0,1.0,0.0,0.0
Amgen Is Now Fairly Valued,2020-10-12 00:00:00,https://news.google.com/./articles/CBMiRWh0dHBzOi8vZmluYW5jZS55YWhvby5jb20vbmV3cy9hbWdlbi1ub3ctZmFpcmx5LXZhbHVlZC0xNjA2MDAxMDUuaHRtbNIBTWh0dHBzOi8vZmluYW5jZS55YWhvby5jb20vYW1waHRtbC9uZXdzL2FtZ2VuLW5vdy1mYWlybHktdmFsdWVkLTE2MDYwMDEwNS5odG1s?hl=en-US&gl=US&ceid=US%3Aen,0.0,0.345,0.655,0.5859
Cheap Stocks: 'Zombie Horde' Of 13 Major Stocks Threaten Investors,2020-10-23 00:00:00,https://news.google.com/./articles/CBMie2h0dHBzOi8vd3d3LmludmVzdG9ycy5jb20vZXRmcy1hbmQtZnVuZHMvc2VjdG9ycy9jaGVhcC1zdG9ja3Mtem9tYmllLWhvcmRlLTEzLW1ham9yLXN0b2Nrcy10aHJlYXRlbi11bnN1c3BlY3RpbmctaW52ZXN0b3JzL9IBAA?hl=en-US&gl=US&ceid=US%3Aen,0.375,0.625,0.0,-0.6369
Weiss Multi-Strategy Advisers LLC Buys Mondelez International Inc ...,2020-11-22 00:00:00,https://news.google.com/./articles/CBMi3gFodHRwczovL3d3dy5ndXJ1Zm9jdXMuY29tL25ld3MvMTI5NDAzNC93ZWlzcy1tdWx0aXN0cmF0ZWd5LWFkdmlzZXJzLWxsYy1idXlzLW1vbmRlbGV6LWludGVybmF0aW9uYWwtaW5jLXBhbG8tYWx0by1uZXR3b3Jrcy1pbmMta2Fuc2FzLWNpdHktc291dGhlcm4tc2VsbHMtbm9yZm9say1zb3V0aGVybi1jb3JwLXFpYWdlbi1udi1pbm5vdmF0aXZlLWluZHVzdHJpYWwtcHJvcGVydGllcy1pbmPSAQA?hl=en-US&gl=US&ceid=US%3Aen,0.0,1.0,0.0,0.0
Cytokinetics (CYTK) Announces Progression of REDWOOD-HCM to ...,2020-12-09 00:00:00,https://news.google.com/./articles/CBMiggFodHRwOi8vd3d3LnN0cmVldGluc2lkZXIuY29tL0NvcnBvcmF0ZStOZXdzL0N5dG9raW5ldGljcyslMjhDWVRLJTI5K0Fubm91bmNlcytQcm9ncmVzc2lvbitvZitSRURXT09ELUhDTSt0bytDb2hvcnQrMi8xNzY5ODI1Ny5odG1s0gEA?hl=en-US&gl=US&ceid=US%3Aen,0.0,1.0,0.0,0.0
10 Best Biotech Stocks to Invest In According To Billionaire Biotech Hedge Fund,2020-12-19 00:00:00,https://news.google.com/./articles/CBMiS2h0dHBzOi8vZmluYW5jZS55YWhvby5jb20vbmV3cy8xMC1iZXN0LWJpb3RlY2gtc3RvY2tzLWludmVzdC0xOTQ0MTEzMzYuaHRtbNIBU2h0dHBzOi8vZmluYW5jZS55YWhvby5jb20vYW1waHRtbC9uZXdzLzEwLWJlc3QtYmlvdGVjaC1zdG9ja3MtaW52ZXN0LTE5NDQxMTMzNi5odG1s?hl=en-US&gl=US&ceid=US%3Aen,0.0,0.519,0.481,0.8555
Cytokinetics Granted Orphan Drug Designation for CK-3773274 for ...,2021-01-11 00:00:00,https://news.google.com/./articles/CBMitAFodHRwczovL3d3dy5nbG9iZW5ld3N3aXJlLmNvbS9uZXdzLXJlbGVhc2UvMjAyMS8wMS8xMS8yMTU2MTY2LzAvZW4vQ3l0b2tpbmV0aWNzLUdyYW50ZWQtT3JwaGFuLURydWctRGVzaWduYXRpb24tZm9yLUNLLTM3NzMyNzQtZm9yLXRoZS1UcmVhdG1lbnQtb2YtSHlwZXJ0cm9waGljLUNhcmRpb215b3BhdGh5Lmh0bWzSAQA?hl=en-US&gl=US&ceid=US%3Aen,0.0,0.556,0.444,0.6124
Orchard Therapeutics subleases Fremont gene therapy ...,2021-01-13 00:00:00,https://news.google.com/./articles/CBMibmh0dHBzOi8vd3d3LmJpempvdXJuYWxzLmNvbS9zYW5mcmFuY2lzY28vbmV3cy8yMDIxLzAxLzEzL2pwbS1qcC1tb3JnYW4taGVhbHRoY2FyZS1jb25mZXJlbmNlLWdlbmUtdGhlcmFweS5odG1s0gEA?hl=en-US&gl=US&ceid=US%3Aen,0.0,1.0,0.0,0.0
"Cytokinetics Stock (NASDAQ:CYTK), Quotes and News Summary",2021-01-16 00:00:00,https://news.google.com/./articles/CBMiI2h0dHBzOi8vd3d3LmJlbnppbmdhLmNvbS9xdW90ZS9DWVRL0gEA?hl=en-US&gl=US&ceid=US%3Aen,0.0,1.0,0.0,0.0
Cytokinetics Announces Cohort 3 of REDWOOD-HCM is Open to ...,2021-05-04 00:00:00,https://news.google.com/./articles/CBMiamh0dHBzOi8vd3d3Lmd1cnVmb2N1cy5jb20vbmV3cy8xNDE0OTQ2L2N5dG9raW5ldGljcy1hbm5vdW5jZXMtY29ob3J0LTMtb2YtcmVkd29vZGhjbS1pcy1vcGVuLXRvLWVucm9sbG1lbnTSAQA?hl=en-US&gl=US&ceid=US%3Aen,0.0,1.0,0.0,0.0
Cytokinetics Reports First Quarter 2021 Financial Results,2021-05-06 00:00:00,https://news.google.com/./articles/CBMiVWh0dHBzOi8vZmluYW5jZS55YWhvby5jb20vbmV3cy9jeXRva2luZXRpY3MtcmVwb3J0cy1maXJzdC1xdWFydGVyLTIwMjEtMjAwMDAwNTI1Lmh0bWzSAV1odHRwczovL2ZpbmFuY2UueWFob28uY29tL2FtcGh0bWwvbmV3cy9jeXRva2luZXRpY3MtcmVwb3J0cy1maXJzdC1xdWFydGVyLTIwMjEtMjAwMDAwNTI1Lmh0bWw?hl=en-US&gl=US&ceid=US%3Aen,0.0,1.0,0.0,0.0
A New Way To Hide Debt…Again,2021-06-07 00:00:00,https://news.google.com/./articles/CBMiVmh0dHBzOi8vd3d3LmZvcmJlcy5jb20vc2l0ZXMvZ3JlYXRzcGVjdWxhdGlvbnMvMjAyMS8wNi8wNy9hLW5ldy13YXktdG8taGlkZS1kZWJ0YWdhaW4v0gEA?hl=en-US&gl=US&ceid=US%3Aen,0.762,0.238,0.0,-0.7506
"Notable Tuesday Option Activity: WBA, FB, CYTK",2021-07-13 00:00:00,https://news.google.com/./articles/CBMiV2h0dHBzOi8vd3d3Lm5hc2RhcS5jb20vYXJ0aWNsZXMvbm90YWJsZS10dWVzZGF5LW9wdGlvbi1hY3Rpdml0eTotd2JhLWZiLWN5dGstMjAyMS0wNy0xM9IBAA?hl=en-US&gl=US&ceid=US%3Aen,0.0,1.0,0.0,0.0
Cytokinetics Announces Positive Topline Results of Redwood-HCM,2021-07-19 00:00:00,https://news.google.com/./articles/CBMihgFodHRwczovL3d3dy5nbG9iZW5ld3N3aXJlLmNvbS9uZXdzLXJlbGVhc2UvMjAyMS8wNy8xOS8yMjY0NzU5LzAvZW4vQ3l0b2tpbmV0aWNzLUFubm91bmNlcy1Qb3NpdGl2ZS1Ub3BsaW5lLVJlc3VsdHMtb2YtUmVkd29vZC1IQ00uaHRtbNIBAA?hl=en-US&gl=US&ceid=US%3Aen,0.0,0.492,0.508,0.802
4 Stocks to Watch During a Market Crash,2021-07-19 00:00:00,https://news.google.com/./articles/CBMiSmh0dHBzOi8vZmluYW5jZS55YWhvby5jb20vbmV3cy80LXN0b2Nrcy13YXRjaC1kdXJpbmctbWFya2V0LTIwMDM0ODU4Ny5odG1s0gFSaHR0cHM6Ly9maW5hbmNlLnlhaG9vLmNvbS9hbXBodG1sL25ld3MvNC1zdG9ja3Mtd2F0Y2gtZHVyaW5nLW1hcmtldC0yMDAzNDg1ODcuaHRtbA?hl=en-US&gl=US&ceid=US%3Aen,0.595,0.405,0.0,-0.6597
Want to Buy Ford (F) Stock? Read This First.,2021-07-20 00:00:00,https://news.google.com/./articles/CBMiQ2h0dHBzOi8vZmluYW5jZS55YWhvby5jb20vbmV3cy93YW50LWJ1eS1mb3JkLWYtc3RvY2stMTYyNTA0OTc4Lmh0bWzSAUtodHRwczovL2ZpbmFuY2UueWFob28uY29tL2FtcGh0bWwvbmV3cy93YW50LWJ1eS1mb3JkLWYtc3RvY2stMTYyNTA0OTc4Lmh0bWw?hl=en-US&gl=US&ceid=US%3Aen,0.0,0.758,0.242,0.1531
Best Penny Stocks To Buy Now? Analysts See 85%-288% Upside In 3,2021-07-21 00:00:00,https://news.google.com/./articles/CBMiR2h0dHBzOi8vZmluYW5jZS55YWhvby5jb20vbmV3cy9iZXN0LXBlbm55LXN0b2Nrcy1idXktbm93LTEyMjkyNzI2NC5odG1s0gFPaHR0cHM6Ly9maW5hbmNlLnlhaG9vLmNvbS9hbXBodG1sL25ld3MvYmVzdC1wZW5ueS1zdG9ja3MtYnV5LW5vdy0xMjI5MjcyNjQuaHRtbA?hl=en-US&gl=US&ceid=US%3Aen,0.0,0.448,0.552,0.8555
What We Learned from Beyond Meat's Q2 About Consumers' Changing Tastes Post-Pandemic,2021-08-19 00:00:00,https://news.google.com/./articles/CBMiemh0dHBzOi8vd3d3Lm5hc2RhcS5jb20vYXJ0aWNsZXMvd2hhdC13ZS1sZWFybmVkLWZyb20tYmV5b25kLW1lYXRzLXEyLWFib3V0LWNvbnN1bWVycy1jaGFuZ2luZy10YXN0ZXMtcG9zdC1wYW5kZW1pYy0yMDIxLTA40gF-aHR0cHM6Ly93d3cubmFzZGFxLmNvbS9hcnRpY2xlcy93aGF0LXdlLWxlYXJuZWQtZnJvbS1iZXlvbmQtbWVhdHMtcTItYWJvdXQtY29uc3VtZXJzLWNoYW5naW5nLXRhc3Rlcy1wb3N0LXBhbmRlbWljLTIwMjEtMDg_YW1w?hl=en-US&gl=US&ceid=US%3Aen,0.0,1.0,0.0,0.0
Form N-PX NEW COVENANT FUNDS For: Jun 30,2021-08-25 00:00:00,https://news.google.com/./articles/CBMiYmh0dHBzOi8vd3d3LnN0cmVldGluc2lkZXIuY29tL1NFQytGaWxpbmdzL0Zvcm0rTi1QWCtORVcrQ09WRU5BTlQrRlVORFMrRm9yJTNBK0p1biszMC8xODg2Mzg2OS5odG1s0gEA?hl=en-US&gl=US&ceid=US%3Aen,0.0,1.0,0.0,0.0
Form N-PX VANGUARD SCOTTSDALE FUND For: Jun 30,2021-08-27 00:00:00,https://news.google.com/./articles/CBMiaGh0dHBzOi8vd3d3LnN0cmVldGluc2lkZXIuY29tL1NFQytGaWxpbmdzL0Zvcm0rTi1QWCtWQU5HVUFSRCtTQ09UVFNEQUxFK0ZVTkQrRm9yJTNBK0p1biszMC8xODg3NDA1Ny5odG1s0gEA?hl=en-US&gl=US&ceid=US%3Aen,0.0,1.0,0.0,0.0
Circling Back On Cytokinetics Stock (NASDAQ:CYTK),2021-10-03 00:00:00,https://news.google.com/./articles/CBMiRmh0dHBzOi8vc2Vla2luZ2FscGhhLmNvbS9hcnRpY2xlLzQ0NTgyNjEtY2lyY2xpbmctYmFjay1vbi1jeXRva2luZXRpY3PSAQA?hl=en-US&gl=US&ceid=US%3Aen,0.0,1.0,0.0,0.0
The Best Of Backtesting - Week Oct. 4,2021-10-09 00:00:00,https://news.google.com/./articles/CBMiS2h0dHBzOi8vc2Vla2luZ2FscGhhLmNvbS9hcnRpY2xlLzQ0NTkxNzgtdGhlLWJlc3Qtb2YtYmFja3Rlc3Rpbmctd2Vlay1vY3QtNNIBAA?hl=en-US&gl=US&ceid=US%3Aen,0.0,0.288,0.712,0.8555
"The $25,000 Tesla Model: Rumors, updates, potential specs",2021-10-12 00:00:00,https://news.google.com/./articles/CBMiT2h0dHBzOi8vZWxlY3RyZWsuY28vMjAyMS8xMC8xMi90aGUtMjUwMDAtdGVzbGEtbW9kZWwtZXZlcnl0aGluZy13ZS1rbm93LXNvLWZhci_SAQA?hl=en-US&gl=US&ceid=US%3Aen,0.0,1.0,0.0,0.0
Cytokinetics Announces Preclinical Data Relating to CK-3828136 ...,2021-10-29 00:00:00,https://news.google.com/./articles/CBMi0gFodHRwczovL3d3dy5nbG9iZW5ld3N3aXJlLmNvbS9lbi9uZXdzLXJlbGVhc2UvMjAyMS8xMC8yOS8yMzIzNTcyLzM1NDA5L2VuL0N5dG9raW5ldGljcy1Bbm5vdW5jZXMtUHJlY2xpbmljYWwtRGF0YS1SZWxhdGluZy10by1DSy0zODI4MTM2LVByZXNlbnRlZC1hdC10aGUtMjAyMS1NZWRpY2luYWwtQ2hlbWlzdHJ5LUdvcmRvbi1SZXNlYXJjaC1Db25mZXJlbmNlLmh0bWzSAQA?hl=en-US&gl=US&ceid=US%3Aen,0.0,1.0,0.0,0.0
A bargain you can't ignore: Small-cap stocks are trading at their second-biggest discount in 20 years,2021-11-04 00:00:00,https://news.google.com/./articles/CBMikAFodHRwczovL3d3dy5tYXJrZXR3YXRjaC5jb20vc3RvcnkvYS1iYXJnYWluLXlvdS1jYW50LWlnbm9yZS1zbWFsbC1jYXAtc3RvY2tzLWFyZS10cmFkaW5nLWF0LXRoZWlyLXNlY29uZC1sb3dlc3QtZGlzY291bnQtaW4tMjAteWVhcnMtMTE2MzYwMzUxNzTSAZQBaHR0cHM6Ly93d3cubWFya2V0d2F0Y2guY29tL2FtcC9zdG9yeS9hLWJhcmdhaW4teW91LWNhbnQtaWdub3JlLXNtYWxsLWNhcC1zdG9ja3MtYXJlLXRyYWRpbmctYXQtdGhlaXItc2Vjb25kLWxvd2VzdC1kaXNjb3VudC1pbi0yMC15ZWFycy0xMTYzNjAzNTE3NA?hl=en-US&gl=US&ceid=US%3Aen,0.274,0.548,0.178,-0.34
IBB And XBI: 4 Reasons To Buy Biotech Stocks Ahead Of 2022,2021-12-06 00:00:00,https://news.google.com/./articles/CBMiZWh0dHBzOi8vc2Vla2luZ2FscGhhLmNvbS9hcnRpY2xlLzQ0NzM1ODQtaWJiLWFuZC14YmktZm91ci1yZWFzb25zLXRvLWJ1eS1iaW90ZWNoLXN0b2Nrcy1haGVhZC1vZi0yMDIy0gEA?hl=en-US&gl=US&ceid=US%3Aen,0.0,1.0,0.0,0.0
Cytokinetics Announces Receipt of Breakthrough Therapy ...,2021-12-09 00:00:00,https://news.google.com/./articles/CBMipQFodHRwczovL3d3dy5nbG9iZW5ld3N3aXJlLmNvbS9uZXdzLXJlbGVhc2UvMjAyMS8xMi8wOS8yMzQ5MDk4LzM1NDA5L2VuL0N5dG9raW5ldGljcy1Bbm5vdW5jZXMtUmVjZWlwdC1vZi1CcmVha3Rocm91Z2gtVGhlcmFweS1EZXNpZ25hdGlvbi1mcm9tLUZEQS1mb3ItQWZpY2FtdGVuLmh0bWzSAQA?hl=en-US&gl=US&ceid=US%3Aen,0.0,0.444,0.556,0.7184
"Point72 Asset Management Buys International Business Machines Corp, Activision Blizzard Inc, ...",2021-12-13 00:00:00,https://news.google.com/./articles/CBMiWWh0dHBzOi8vZmluYW5jZS55YWhvby5jb20vbmV3cy9wb2ludDcyLWFzc2V0LW1hbmFnZW1lbnQtYnV5cy1pbnRlcm5hdGlvbmFsLTA0MzgwODM4NC5odG1s0gFhaHR0cHM6Ly9maW5hbmNlLnlhaG9vLmNvbS9hbXBodG1sL25ld3MvcG9pbnQ3Mi1hc3NldC1tYW5hZ2VtZW50LWJ1eXMtaW50ZXJuYXRpb25hbC0wNDM4MDgzODQuaHRtbA?hl=en-US&gl=US&ceid=US%3Aen,0.0,0.714,0.286,0.6124
"Fidelity Salem Street Trust Buys AMC Entertainment Holdings Inc, E2open Parent Holdings Inc, ...",2021-12-16 00:00:00,https://news.google.com/./articles/CBMiTmh0dHBzOi8vZmluYW5jZS55YWhvby5jb20vbmV3cy9maWRlbGl0eS1zYWxlbS1zdHJlZXQtdHJ1c3QtYnV5cy0wNDM4MDM5MTUuaHRtbNIBVmh0dHBzOi8vZmluYW5jZS55YWhvby5jb20vYW1waHRtbC9uZXdzL2ZpZGVsaXR5LXNhbGVtLXN0cmVldC10cnVzdC1idXlzLTA0MzgwMzkxNS5odG1s?hl=en-US&gl=US&ceid=US%3Aen,0.0,0.519,0.481,0.9042
"Japanese shares fall on caution over Fed's monetary tightening, Omicron",2021-12-16 00:00:00,https://news.google.com/./articles/CBMiT2h0dHBzOi8vZmluYW5jZS55YWhvby5jb20vbmV3cy9qYXBhbmVzZS1zaGFyZXMtZmFsbC1jYXV0aW9uLW92ZXItMDMwOTI0NDA3Lmh0bWzSAVdodHRwczovL2ZpbmFuY2UueWFob28uY29tL2FtcGh0bWwvbmV3cy9qYXBhbmVzZS1zaGFyZXMtZmFsbC1jYXV0aW9uLW92ZXItMDMwOTI0NDA3Lmh0bWw?hl=en-US&gl=US&ceid=US%3Aen,0.347,0.417,0.236,-0.3818
Cytokinetics and JI XING Announce Expansion of Collaboration to ...,2021-12-20 00:00:00,https://news.google.com/./articles/CBMi6QFodHRwczovL3d3dy5nbG9iZW5ld3N3aXJlLmNvbS9uZXdzLXJlbGVhc2UvMjAyMS8xMi8yMC8yMzU1MTUzLzM1NDA5L2VuL0N5dG9raW5ldGljcy1hbmQtSkktWElORy1Bbm5vdW5jZS1FeHBhbnNpb24tb2YtQ29sbGFib3JhdGlvbi10by1JbmNsdWRlLUxpY2Vuc2luZy1vZi1PbWVjYW10aXYtTWVjYXJiaWwtaW4tQ2hpbmEtUlRXLXRvLUFkZC10by1JdHMtSW52ZXN0bWVudC1pbi1DeXRva2luZXRpY3MuaHRtbNIBAA?hl=en-US&gl=US&ceid=US%3Aen,0.0,0.5,0.5,0.7184
Cytokinetics: Biotech That Should Be On Your Radar With Several ...,2022-01-07 00:00:00,https://news.google.com/./articles/CBMiZGh0dHBzOi8vc2Vla2luZ2FscGhhLmNvbS9hcnRpY2xlLzQ0Nzg1MjgtY3l0b2tpbmV0aWNzLWJpb3RlY2gtb24teW91ci1yYWRhci1zZXZlcmFsLWNhdGFseXN0LWluLTIwMjLSAQA?hl=en-US&gl=US&ceid=US%3Aen,0.0,1.0,0.0,0.0
"The 1-Minute Market Report – January 8, 2022",2022-01-10 00:00:00,https://news.google.com/./articles/CBMiTmh0dHBzOi8vc2Vla2luZ2FscGhhLmNvbS9hcnRpY2xlLzQ0Nzg3MDUtMS1taW51dGUtbWFya2V0LXJlcG9ydC1qYW51YXJ5LTgtMjAyMtIBAA?hl=en-US&gl=US&ceid=US%3Aen,0.0,1.0,0.0,0.0
Cytokinetics Announces Recipients of Fourth Annual,2022-01-24 00:00:00,https://news.google.com/./articles/CBMimwFodHRwczovL3d3dy5nbG9iZW5ld3N3aXJlLmNvbS9uZXdzLXJlbGVhc2UvMjAyMi8wMS8yNC8yMzcxNTkyLzAvZW4vQ3l0b2tpbmV0aWNzLUFubm91bmNlcy1SZWNpcGllbnRzLW9mLUZvdXJ0aC1Bbm51YWwtQ29tbXVuaWNhdGlvbnMtRmVsbG93c2hpcC1HcmFudHMuaHRtbNIBAA?hl=en-US&gl=US&ceid=US%3Aen,0.0,1.0,0.0,0.0
Goldman Sachs: Buy These 2 Stocks Before They Jump 70% (or More),2022-02-11 00:00:00,https://news.google.com/./articles/CBMiXWh0dHBzOi8vd3d3Lm5hc2RhcS5jb20vYXJ0aWNsZXMvZ29sZG1hbi1zYWNoczotYnV5LXRoZXNlLTItc3RvY2tzLWJlZm9yZS10aGV5LWp1bXAtNzAtb3ItbW9yZdIBAA?hl=en-US&gl=US&ceid=US%3Aen,0.0,1.0,0.0,0.0
XBI & IBB: Sell Technology And Buy Biotech,2022-02-15 00:00:00,https://news.google.com/./articles/CBMieGh0dHBzOi8vc2Vla2luZ2FscGhhLmNvbS9hcnRpY2xlLzQ0ODY5NzcteGJpLWliYi1zZWxsLXRlY2hub2xvZ3ktYnV5LWJpb3RlY2gtb25seS11bmRlcnZhbHVlZC1ub24tY3ljbGljYWwtZ3Jvd3RoLXNlY3RvctIBAA?hl=en-US&gl=US&ceid=US%3Aen,0.0,1.0,0.0,0.0
"Cytokinetics Announces Start of SEQUOIA-HCM, a Phase 3 Clinical ...",2022-02-23 00:00:00,https://news.google.com/./articles/CBMi5QFodHRwczovL3d3dy5nbG9iZW5ld3N3aXJlLmNvbS9lbi9uZXdzLXJlbGVhc2UvMjAyMi8wMi8yMy8yMzkwMjQ5LzM1NDA5L2VuL0N5dG9raW5ldGljcy1Bbm5vdW5jZXMtU3RhcnQtb2YtU0VRVU9JQS1IQ00tYS1QaGFzZS0zLUNsaW5pY2FsLVRyaWFsLW9mLUFmaWNhbXRlbi1pbi1QYXRpZW50cy1XaXRoLVN5bXB0b21hdGljLU9ic3RydWN0aXZlLUh5cGVydHJvcGhpYy1DYXJkaW9teW9wYXRoeS5odG1s0gEA?hl=en-US&gl=US&ceid=US%3Aen,0.0,1.0,0.0,0.0
Royalty Pharma Stock Offers a Unique Long-Term Opportunity ...,2022-03-01 00:00:00,https://news.google.com/./articles/CBMiX2h0dHBzOi8vc2Vla2luZ2FscGhhLmNvbS9hcnRpY2xlLzQ0OTE2NzMtcm95YWx0eS1waGFybWEtb2ZmZXJzLWxvbmctdGVybS1pbnZlc3RtZW50LW9wcG9ydHVuaXR50gEA?hl=en-US&gl=US&ceid=US%3Aen,0.0,0.603,0.397,0.6808
Citius Pharmaceuticals Inc. (NASDAQ: CTXR) Receives Study May ...,2022-03-01 00:00:00,https://news.google.com/./articles/CBMipQFodHRwczovL2Jpb3BoYXJtYWpvdXJuYWwuY29tLzIwMjIvMDMvMDEvY2l0aXVzLXBoYXJtYWNldXRpY2Fscy1pbmMtbmFzZGFxLWN0eHItcmVjZWl2ZXMtc3R1ZHktbWF5LXByb2NlZWQtbGV0dGVyLWZyb20tdGhlLWZkYS1mb3ItaGFsby1saWRvLWluLWhlbW9ycmhvaWRzLXRyZWF0bWVudC_SAQA?hl=en-US&gl=US&ceid=US%3Aen,0.0,1.0,0.0,0.0
Denali begins dosing in phase 1/2 trial of DNL593 to treat ...,2022-03-09 00:00:00,https://news.google.com/./articles/CBMie2h0dHBzOi8vc2Vla2luZ2FscGhhLmNvbS9uZXdzLzM4MTExNjctZGVuYWxpLXRoZXJhcGV1dGljcy1iZWdpbnMtZWFybHktdG8tbWlkLXN0YWdlLXRyaWFsLW9mLWRubDU5My10by10cmVhdC1lYXJseS1kZW1lbnRpYdIBAA?hl=en-US&gl=US&ceid=US%3Aen,0.0,0.577,0.423,0.6597
"Bristol Myers Squibb: Consistently Hitting Targets, New Drug ...",2022-03-16 00:00:00,https://news.google.com/./articles/CBMiX2h0dHBzOi8vc2Vla2luZ2FscGhhLmNvbS9hcnRpY2xlLzQ0OTU5NzMtYnJpc3RvbC1teWVycy1zcXVpYmItaGl0dGluZy10YXJnZXRzLW5ldy1kcnVnLWxhdW5jaGVz0gEA?hl=en-US&gl=US&ceid=US%3Aen,0.0,1.0,0.0,0.0
Cytokinetics Announces Results From Cohort 3 of Redwood-HCM ...,2022-04-02 00:00:00,https://news.google.com/./articles/CBMi1QFodHRwczovL3d3dy5nbG9iZW5ld3N3aXJlLmNvbS9lbi9uZXdzLXJlbGVhc2UvMjAyMi8wNC8wMi8yNDE1MTY4LzM1NDA5L2VuL0N5dG9raW5ldGljcy1Bbm5vdW5jZXMtUmVzdWx0cy1Gcm9tLUNvaG9ydC0zLW9mLVJlZHdvb2QtSENNLVByZXNlbnRlZC1hdC1BbWVyaWNhbi1Db2xsZWdlLW9mLUNhcmRpb2xvZ3ktNzFzdC1Bbm51YWwtU2NpZW50aWZpYy1TZXNzaW9uLmh0bWzSAQA?hl=en-US&gl=US&ceid=US%3Aen,0.0,1.0,0.0,0.0
Cutaneous infection due to Bacillus cereus: a case report - BMC ...,2022-04-21 00:00:00,https://news.google.com/./articles/CBMiSmh0dHBzOi8vYm1jaW5mZWN0ZGlzLmJpb21lZGNlbnRyYWwuY29tL2FydGljbGVzLzEwLjExODYvczEyODc5LTAyMi0wNzM3Mi050gEA?hl=en-US&gl=US&ceid=US%3Aen,0.0,1.0,0.0,0.0
"Elon Musk startup now valued at $5.6B, electric vehicle charging ...",2022-04-29 00:00:00,https://news.google.com/./articles/CBMia2h0dHBzOi8vd3d3LmNidG5ld3MuY29tL2Vsb24tbXVzay1zdGFydHVwLW5vdy12YWx1ZWQtYXQtNS02Yi1lbGVjdHJpYy12ZWhpY2xlLWNoYXJnaW5nLWNvbXBhbnktcmFpc2VzLTEyNW0v0gEA?hl=en-US&gl=US&ceid=US%3Aen,0.0,0.612,0.388,0.5859
Cytokinetics and the ALS Association Renew Partnership to ...,2022-05-18 00:00:00,https://news.google.com/./articles/CBMipgFodHRwczovL3d3dy5nbG9iZW5ld3N3aXJlLmNvbS9lbi9uZXdzLXJlbGVhc2UvMjAyMi8wNS8xOC8yNDQ1OTAxLzM1NDA5L2VuL0N5dG9raW5ldGljcy1hbmQtdGhlLUFMUy1Bc3NvY2lhdGlvbi1SZW5ldy1QYXJ0bmVyc2hpcC10by1BZHZhbmNlLXRoZS1GaWdodC1BZ2FpbnN0LUFMUy5odG1s0gEA?hl=en-US&gl=US&ceid=US%3Aen,0.0,1.0,0.0,0.0
Why Orphan Drug Designation Offers Several Benefits,2022-05-18 00:00:00,https://news.google.com/./articles/CBMia2h0dHBzOi8vd3d3LnBybmV3c3dpcmUuY29tL25ld3MtcmVsZWFzZXMvd2h5LW9ycGhhbi1kcnVnLWRlc2lnbmF0aW9uLW9mZmVycy1zZXZlcmFsLWJlbmVmaXRzLTMwMTU0OTgzMy5odG1s0gEA?hl=en-US&gl=US&ceid=US%3Aen,0.0,0.5,0.5,0.7184
New Clinical Studies In ALS Show Promise,2022-05-24 00:00:00,https://news.google.com/./articles/CBMiUGh0dHBzOi8vd3d3LmNsaW5pY2FsbGVhZGVyLmNvbS9kb2MvbmV3LWNsaW5pY2FsLXN0dWRpZXMtaW4tYWxzLXNob3ctcHJvbWlzZS0wMDAx0gEA?hl=en-US&gl=US&ceid=US%3Aen,0.0,0.581,0.419,0.5574
"Royalty Pharma: Bear Market Performer, Unique Diversification",2022-05-26 00:00:00,https://news.google.com/./articles/CBMiZGh0dHBzOi8vc2Vla2luZ2FscGhhLmNvbS9hcnRpY2xlLzQ1MTQ2MTItcm95YWx0eS1waGFybWEtdW5pcXVlLWRpdmVyc2lmaWNhdGlvbi1iZWFyLW1hcmtldC1wZXJmb3JtZXLSAQA?hl=en-US&gl=US&ceid=US%3Aen,0.0,1.0,0.0,0.0
Feuerstein's Flab on Northwest Bio (NWBO) Dives Stock on ...,2022-06-12 00:00:00,https://news.google.com/./articles/CBMiigFodHRwczovL2luc2lkZXJmaW5hbmNpYWwuY29tL2ZldWVyc3RlaW5zLWZsYWItb24tbm9ydGh3ZXN0LWJpby1ud2JvLWRpdmVzLXN0b2NrLW9uLW1lcml0bGVzcy1jbGFpbXMtYWZ0ZXItbmFpbGluZy1wcmltYXJ5LWVuZHBvaW50LzE4MzI3OC_SAQA?hl=en-US&gl=US&ceid=US%3Aen,0.0,1.0,0.0,0.0
Cytokinetics Provides Regulatory Update for Omecamtiv Mecarbil,2022-06-17 00:00:00,https://news.google.com/./articles/CBMijQFodHRwczovL3d3dy5nbG9iZW5ld3N3aXJlLmNvbS9lbi9uZXdzLXJlbGVhc2UvMjAyMi8wNi8xNy8yNDY0NjIwLzM1NDA5L2VuL0N5dG9raW5ldGljcy1Qcm92aWRlcy1SZWd1bGF0b3J5LVVwZGF0ZS1mb3ItT21lY2FtdGl2LU1lY2FyYmlsLmh0bWzSAQA?hl=en-US&gl=US&ceid=US%3Aen,0.0,1.0,0.0,0.0
CRISPR stock extends Innovation Day slump despite bullish views ...,2022-06-22 00:00:00,https://news.google.com/./articles/CBMiY2h0dHBzOi8vc2Vla2luZ2FscGhhLmNvbS9uZXdzLzM4NTA4ODktY3JzcC1zdG9jay1leHRlbmRzLWlubm92YXRpb24tZGF5LXNsdW1wLWRlc3BpdGUtYnVsbGlzaC12aWV3c9IBAA?hl=en-US&gl=US&ceid=US%3Aen,0.0,0.349,0.651,0.9042
Cytokinetics announces upcoming AdCom meeting on heart failure ...,2022-06-24 00:00:00,https://news.google.com/./articles/CBMicGh0dHBzOi8vc2Vla2luZ2FscGhhLmNvbS9uZXdzLzM4NTE1MjItY3l0b2tpbmV0aWNzLWFubm91bmNlcy11cGNvbWluZy1mZGEtYWRjb20tbWVldGluZy1vbi1oZWFydC1mYWlsdXJlLXRoZXJhcHnSAQA?hl=en-US&gl=US&ceid=US%3Aen,0.483,0.517,0.0,-0.765
Earnings Reports Next Week,2022-06-27 00:00:00,https://news.google.com/./articles/CBMiLmh0dHBzOi8vd3d3Lm1hcmtldGJlYXQuY29tL2Vhcm5pbmdzL25leHQtd2Vlay_SAQA?hl=en-US&gl=US&ceid=US%3Aen,0.0,1.0,0.0,0.0
Cytokinetics Announces Pricing of $450 Million Convertible Senior ...,2022-07-01 00:00:00,https://news.google.com/./articles/CBMimwFodHRwczovL3d3dy5nbG9iZW5ld3N3aXJlLmNvbS9uZXdzLXJlbGVhc2UvMjAyMi8wNy8wMS8yNDcyNjY1LzM1NDA5L2VuL0N5dG9raW5ldGljcy1Bbm5vdW5jZXMtUHJpY2luZy1vZi00NTAtTWlsbGlvbi1Db252ZXJ0aWJsZS1TZW5pb3ItTm90ZXMtT2ZmZXJpbmcuaHRtbNIBAA?hl=en-US&gl=US&ceid=US%3Aen,0.0,1.0,0.0,0.0
Bacillus cereus cytotoxin K triggers gasdermin D-dependent ...,2022-07-04 00:00:00,https://news.google.com/./articles/CBMiMmh0dHBzOi8vd3d3Lm5hdHVyZS5jb20vYXJ0aWNsZXMvczQxNDIwLTAyMi0wMTA5MS010gEA?hl=en-US&gl=US&ceid=US%3Aen,0.0,1.0,0.0,0.0
Why The 22% Return On Capital At Zumiez (NASDAQ:ZUMZ) Should Have Your Attention,2022-07-20 00:00:00,https://news.google.com/./articles/CBMie2h0dHBzOi8vc2ltcGx5d2FsbC5zdC9zdG9ja3MvdXMvcmV0YWlsL25hc2RhcS16dW16L3p1bWllei9uZXdzL3doeS10aGUtMjItcmV0dXJuLW9uLWNhcGl0YWwtYXQtenVtaWV6LW5hc2RhcXp1bXotc2hvdWxkLWhhdtIBf2h0dHBzOi8vc2ltcGx5d2FsbC5zdC9zdG9ja3MvdXMvcmV0YWlsL25hc2RhcS16dW16L3p1bWllei9uZXdzL3doeS10aGUtMjItcmV0dXJuLW9uLWNhcGl0YWwtYXQtenVtaWV6LW5hc2RhcXp1bXotc2hvdWxkLWhhdi9hbXA?hl=en-US&gl=US&ceid=US%3Aen,0.0,1.0,0.0,0.0
Midguts of Culex pipiens L. (Diptera: Culicidae) as a potential ...,2022-08-01 00:00:00,https://news.google.com/./articles/CBMiMmh0dHBzOi8vd3d3Lm5hdHVyZS5jb20vYXJ0aWNsZXMvczQxNTk4LTAyMi0xNjk5Mi050gEA?hl=en-US&gl=US&ceid=US%3Aen,0.0,1.0,0.0,0.0
"Google's CEO said there are 'real concerns' over productivity at the company amid a 'challenging macro environment,' reports say",2022-08-01 00:00:00,https://news.google.com/./articles/CBMiTGh0dHBzOi8vZmluYW5jZS55YWhvby5jb20vbmV3cy9nb29nbGVzLWNlby1zYWlkLXJlYWwtY29uY2VybnMtMTI1MjU5OTAyLmh0bWzSAVRodHRwczovL2ZpbmFuY2UueWFob28uY29tL2FtcGh0bWwvbmV3cy9nb29nbGVzLWNlby1zYWlkLXJlYWwtY29uY2VybnMtMTI1MjU5OTAyLmh0bWw?hl=en-US&gl=US&ceid=US%3Aen,0.284,0.625,0.091,-0.6597
Hot Stocks: IRBT jumps on AMZN merger deal; CYTK rallies; WBD ...,2022-08-05 00:00:00,https://news.google.com/./articles/CBMiamh0dHBzOi8vc2Vla2luZ2FscGhhLmNvbS9uZXdzLzM4Njg0OTMtaG90LXN0b2Nrcy1pcmJ0LWp1bXBzLW9uLWFtem4tbWVyZ2VyLWRlYWwtY3l0ay1yYWxsaWVzLXdiZC1oeXpuLWRyb3DSAQA?hl=en-US&gl=US&ceid=US%3Aen,0.0,1.0,0.0,0.0
Cytokinetics (NASDAQ:CYTK) Has Debt But No Earnings; Should You Worry?,2022-08-23 00:00:00,https://news.google.com/./articles/CBMikQFodHRwczovL3NpbXBseXdhbGwuc3Qvc3RvY2tzL3VzL3BoYXJtYWNldXRpY2Fscy1iaW90ZWNoL25hc2RhcS1jeXRrL2N5dG9raW5ldGljcy9uZXdzL2N5dG9raW5ldGljcy1uYXNkYXFjeXRrLWhhcy1kZWJ0LWJ1dC1uby1lYXJuaW5ncy1zaG91bGQteW910gGVAWh0dHBzOi8vc2ltcGx5d2FsbC5zdC9zdG9ja3MvdXMvcGhhcm1hY2V1dGljYWxzLWJpb3RlY2gvbmFzZGFxLWN5dGsvY3l0b2tpbmV0aWNzL25ld3MvY3l0b2tpbmV0aWNzLW5hc2RhcWN5dGstaGFzLWRlYnQtYnV0LW5vLWVhcm5pbmdzLXNob3VsZC15b3UvYW1w?hl=en-US&gl=US&ceid=US%3Aen,0.688,0.312,0.0,-0.8689
State Street Increases Position in Cytokinetics (CYTK),2023-02-03 07:28:02.201425,https://news.google.com/./articles/CBMiVGh0dHBzOi8vd3d3Lm5hc2RhcS5jb20vYXJ0aWNsZXMvc3RhdGUtc3RyZWV0LWluY3JlYXNlcy1wb3NpdGlvbi1pbi1jeXRva2luZXRpY3MtY3l0a9IBAA?hl=en-US&gl=US&ceid=US%3Aen,0.0,0.581,0.419,0.5574
Fmr Updates Holdings in Cytokinetics (CYTK),2023-02-09 07:28:02.202008,https://news.google.com/./articles/CBMiSWh0dHBzOi8vd3d3Lm5hc2RhcS5jb20vYXJ0aWNsZXMvZm1yLXVwZGF0ZXMtaG9sZGluZ3MtaW4tY3l0b2tpbmV0aWNzLWN5dGvSAQA?hl=en-US&gl=US&ceid=US%3Aen,0.0,1.0,0.0,0.0
FNX's Underlying Holdings Could Mean 10% Gain Potential,2023-02-09 07:28:02.202621,https://news.google.com/./articles/CBMiVWh0dHBzOi8vd3d3Lm5hc2RhcS5jb20vYXJ0aWNsZXMvZm54cy11bmRlcmx5aW5nLWhvbGRpbmdzLWNvdWxkLW1lYW4tMTAtZ2Fpbi1wb3RlbnRpYWzSAQA?hl=en-US&gl=US&ceid=US%3Aen,0.0,0.508,0.492,0.7783
BlackRock Increases Position in Cytokinetics (CYTK),2023-02-10 07:28:02.201869,https://news.google.com/./articles/CBMiUWh0dHBzOi8vd3d3Lm5hc2RhcS5jb20vYXJ0aWNsZXMvYmxhY2tyb2NrLWluY3JlYXNlcy1wb3NpdGlvbi1pbi1jeXRva2luZXRpY3MtY3l0a9IBAA?hl=en-US&gl=US&ceid=US%3Aen,0.0,0.526,0.474,0.5574
Buying Eiger BioPharmaceuticals Inc. (NASDAQ: EIGR)? Here Are ...,2023-02-10 07:28:02.203593,https://news.google.com/./articles/CBMid2h0dHBzOi8vc3RvY2tzcmVnaXN0ZXIuY29tLzIwMjMvMDIvMTAvYnV5aW5nLWVpZ2VyLWJpb3BoYXJtYWNldXRpY2Fscy1pbmMtbmFzZGFxLWVpZ3ItaGVyZS1hcmUtc29tZS10aGluZ3MtdG8tY29uc2lkZXIv0gEA?hl=en-US&gl=US&ceid=US%3Aen,0.0,1.0,0.0,0.0
Cytokinetics: Omecamtiv Mecarbil Is Unlikely To Be Approved ...,2023-02-17 07:28:02.202117,https://news.google.com/./articles/CBMiY2h0dHBzOi8vc2Vla2luZ2FscGhhLmNvbS9hcnRpY2xlLzQ1Nzk0NjgtY3l0b2tpbmV0aWNzLW9tZWNhbXRpdi1tZWNhcmJpbC1pcy11bmxpa2VseS10by1iZS1hcHByb3ZlZNIBAA?hl=en-US&gl=US&ceid=US%3Aen,0.0,1.0,0.0,0.0
Interesting CYTK Put And Call Options For April 21st,2023-02-17 07:28:02.202253,https://news.google.com/./articles/CBMiVGh0dHBzOi8vd3d3Lm5hc2RhcS5jb20vYXJ0aWNsZXMvaW50ZXJlc3RpbmctY3l0ay1wdXQtYW5kLWNhbGwtb3B0aW9ucy1mb3ItYXByaWwtMjFzdNIBAA?hl=en-US&gl=US&ceid=US%3Aen,0.0,0.545,0.455,0.7184
Analyst Ratings for Cytokinetics - Cytokinetics (NASDAQ:CYTK),2023-02-17 07:28:02.202390,https://news.google.com/./articles/CBMiWGh0dHBzOi8vd3d3LmJlbnppbmdhLmNvbS9hbmFseXN0LXJhdGluZ3MvMjMvMDIvMzA5NjA4MDYvYW5hbHlzdC1yYXRpbmdzLWZvci1jeXRva2luZXRpY3PSAS1odHRwczovL3d3dy5iZW56aW5nYS5jb20vYW1wL2NvbnRlbnQvMzA5NjA4MDY?hl=en-US&gl=US&ceid=US%3Aen,0.0,1.0,0.0,0.0
BMY Stock: Can Bristol Myers' New Products Fill The Looming ...,2023-02-17 07:28:02.202766,https://news.google.com/./articles/CBMia2h0dHBzOi8vd3d3LmludmVzdG9ycy5jb20vbmV3cy90ZWNobm9sb2d5L2JteS1zdG9jay1jYW4taXRzLW5ldy1wcm9kdWN0cy1maWxsLXRoZS1sb29taW5nLXBhdGVudC1jbGlmZi1nYXAv0gEA?hl=en-US&gl=US&ceid=US%3Aen,0.286,0.714,0.0,-0.4215
"PFM Health Sciences, LP Buys 1, Sells 4 in 4th Quarter",2023-02-18 07:28:02.203028,https://news.google.com/./articles/CBMiW2h0dHBzOi8vd3d3Lmd1cnVmb2N1cy5jb20vbmV3cy8xOTUyODk1L3BmbS1oZWFsdGgtc2NpZW5jZXMtbHAtYnV5cy0xLXNlbGxzLTQtaW4tNHRoLXF1YXJ0ZXLSAQA?hl=en-US&gl=US&ceid=US%3Aen,0.0,1.0,0.0,0.0
"Amalgamated Bank Buys 3453 Shares of Cytokinetics, Incorporated ...",2023-02-19 07:28:02.203368,https://news.google.com/./articles/CBMidmh0dHBzOi8vd3d3LmRlZmVuc2V3b3JsZC5uZXQvMjAyMy8wMi8xOS9hbWFsZ2FtYXRlZC1iYW5rLWJ1eXMtMzQ1My1zaGFyZXMtb2YtY3l0b2tpbmV0aWNzLWluY29ycG9yYXRlZC1uYXNkYXFjeXRrLmh0bWzSAQA?hl=en-US&gl=US&ceid=US%3Aen,0.0,0.595,0.405,0.5267
Amalgamated Bank Has $2.13 Million Holdings in Cytokinetics ...,2023-02-19 07:28:02.203471,https://news.google.com/./articles/CBMie2h0dHBzOi8vd3d3LmV0ZmRhaWx5bmV3cy5jb20vMjAyMy8wMi8xOS9hbWFsZ2FtYXRlZC1iYW5rLWhhcy0yLTEzLW1pbGxpb24taG9sZGluZ3MtaW4tY3l0b2tpbmV0aWNzLWluY29ycG9yYXRlZC1uYXNkYXFjeXRrL9IBAA?hl=en-US&gl=US&ceid=US%3Aen,0.0,1.0,0.0,0.0
"HealthCor Management, L.P. Buy",2023-02-21 07:28:02.203134,https://news.google.com/./articles/CBMiXGh0dHBzOi8vd3d3Lmd1cnVmb2N1cy5jb20vbmV3cy8xOTUzNzgwL2hlYWx0aGNvci1tYW5hZ2VtZW50LWxwLWJ1eXMtMi1zZWxscy0zLWluLTR0aC1xdWFydGVy0gEA?hl=en-US&gl=US&ceid=US%3Aen,0.0,1.0,0.0,0.0
Cytokinetics (CYTK) Expected to Beat Earnings Estimates: Can the Stock Move Higher?,2023-02-22 07:28:02.201292,https://news.google.com/./articles/CBMieGh0dHBzOi8vd3d3LnphY2tzLmNvbS9zdG9jay9uZXdzLzIwNTc0OTQvY3l0b2tpbmV0aWNzLWN5dGstZXhwZWN0ZWQtdG8tYmVhdC1lYXJuaW5ncy1lc3RpbWF0ZXMtY2FuLXRoZS1zdG9jay1tb3ZlLWhpZ2hlctIBfGh0dHBzOi8vd3d3LnphY2tzLmNvbS9hbXAvc3RvY2svbmV3cy8yMDU3NDk0L2N5dG9raW5ldGljcy1jeXRrLWV4cGVjdGVkLXRvLWJlYXQtZWFybmluZ3MtZXN0aW1hdGVzLWNhbi10aGUtc3RvY2stbW92ZS1oaWdoZXI?hl=en-US&gl=US&ceid=US%3Aen,0.0,1.0,0.0,0.0
Cytokinetics (CYTK) Expected to Beat Earnings Estimates: Can the ...,2023-02-22 07:28:02.201538,https://news.google.com/./articles/CBMicmh0dHBzOi8vd3d3Lm5hc2RhcS5jb20vYXJ0aWNsZXMvY3l0b2tpbmV0aWNzLWN5dGstZXhwZWN0ZWQtdG8tYmVhdC1lYXJuaW5ncy1lc3RpbWF0ZXMlM0EtY2FuLXRoZS1zdG9jay1tb3ZlLWhpZ2hlctIBAA?hl=en-US&gl=US&ceid=US%3Aen,0.0,1.0,0.0,0.0
"Cytokinetics, Incorporated (NASDAQ:CYTK) Stock Holdings ...",2023-02-22 07:28:02.203259,https://news.google.com/./articles/CBMifGh0dHBzOi8vd3d3LmRlZmVuc2V3b3JsZC5uZXQvMjAyMy8wMi8yMi9jeXRva2luZXRpY3MtaW5jb3Jwb3JhdGVkLW5hc2RhcWN5dGstc3RvY2staG9sZGluZ3MtdHJpbW1lZC1ieS13aW50b24tZ3JvdXAtbHRkLmh0bWzSAQA?hl=en-US&gl=US&ceid=US%3Aen,0.0,1.0,0.0,0.0
"4 Drug, Biotech Stocks Poised to Beat Q4 Earnings Estimates",2023-02-23 07:28:02.202499,https://news.google.com/./articles/CBMiSmh0dHBzOi8vZmluYW5jZS55YWhvby5jb20vbmV3cy80LWRydWctYmlvdGVjaC1zdG9ja3MtcG9pc2VkLTEyNDYxMjQyMy5odG1s0gFSaHR0cHM6Ly9maW5hbmNlLnlhaG9vLmNvbS9hbXBodG1sL25ld3MvNC1kcnVnLWJpb3RlY2gtc3RvY2tzLXBvaXNlZC0xMjQ2MTI0MjMuaHRtbA?hl=en-US&gl=US&ceid=US%3Aen,0.0,1.0,0.0,0.0
"4 Drug, Biotech Stocks Poised to Beat Q4 Earnings Estimates",2023-02-23 07:28:02.202919,https://news.google.com/./articles/CBMiY2h0dHBzOi8vd3d3LnphY2tzLmNvbS9zdG9jay9uZXdzLzIwNTc5NDMvNC1kcnVnLWJpb3RlY2gtc3RvY2tzLXBvaXNlZC10by1iZWF0LXE0LWVhcm5pbmdzLWVzdGltYXRlc9IBZ2h0dHBzOi8vd3d3LnphY2tzLmNvbS9hbXAvc3RvY2svbmV3cy8yMDU3OTQzLzQtZHJ1Zy1iaW90ZWNoLXN0b2Nrcy1wb2lzZWQtdG8tYmVhdC1xNC1lYXJuaW5ncy1lc3RpbWF0ZXM?hl=en-US&gl=US&ceid=US%3Aen,0.0,1.0,0.0,0.0
"Investors might be losing patience for Cytokinetics' (NASDAQ:CYTK) increasing losses, as stock sheds 5.7% over the past week",2023-02-24 22:28:02.201647,https://news.google.com/./articles/CBMikgFodHRwczovL3NpbXBseXdhbGwuc3Qvc3RvY2tzL3VzL3BoYXJtYWNldXRpY2Fscy1iaW90ZWNoL25hc2RhcS1jeXRrL2N5dG9raW5ldGljcy9uZXdzL2ludmVzdG9ycy1taWdodC1iZS1sb3NpbmctcGF0aWVuY2UtZm9yLWN5dG9raW5ldGljcy1uYXNkYXFjedIBlgFodHRwczovL3NpbXBseXdhbGwuc3Qvc3RvY2tzL3VzL3BoYXJtYWNldXRpY2Fscy1iaW90ZWNoL25hc2RhcS1jeXRrL2N5dG9raW5ldGljcy9uZXdzL2ludmVzdG9ycy1taWdodC1iZS1sb3NpbmctcGF0aWVuY2UtZm9yLWN5dG9raW5ldGljcy1uYXNkYXFjeS9hbXA?hl=en-US&gl=US&ceid=US%3Aen,0.37,0.463,0.167,-0.6597
2023-02-24 | NDAQ:CYTK | Press Release | Cytokinetics Incorporated,2023-02-25 05:28:02.201755,https://news.google.com/./articles/CBMihAFodHRwczovL3N0b2NraG91c2UuY29tL25ld3MvcHJlc3MtcmVsZWFzZXMvMjAyMy8wMi8yNC9jeXRva2luZXRpY3MtYW5ub3VuY2VzLXRocmVlLXVwY29taW5nLXByZXNlbnRhdGlvbnMtYXQtdGhlLWFtZXJpY2FuLWNvbGxlZ2Utb2bSAQA?hl=en-US&gl=US&ceid=US%3Aen,0.0,1.0,0.0,0.0
"RINGO STARR'S 'EP3' FEATURING 4 NEW TRACKS, OUT TODAY",,https://news.google.com/./articles/CBMiSmh0dHBzOi8vZmluYW5jZS55YWhvby5jb20vbmV3cy9yaW5nby1zdGFycnMtZXAzLWZlYXR1cmluZy00LTEzMTIwMDE0MC5odG1s0gEA?hl=en-US&gl=US&ceid=US%3Aen,0.0,1.0,0.0,0.0
Institutional owners may take dramatic actions as Bluegreen Vacations Holding Corporation's (NYSE:BVH) recent 11% drop adds to one-year losses,,https://news.google.com/./articles/CBMilwFodHRwczovL3NpbXBseXdhbGwuc3Qvc3RvY2tzL3VzL2NvbnN1bWVyLXNlcnZpY2VzL255c2UtYnZoL2JsdWVncmVlbi12YWNhdGlvbnMtaG9sZGluZy9uZXdzL2luc3RpdHV0aW9uYWwtb3duZXJzLW1heS10YWtlLWRyYW1hdGljLWFjdGlvbnMtYXMtYmx1ZWdyZWVu0gGbAWh0dHBzOi8vc2ltcGx5d2FsbC5zdC9zdG9ja3MvdXMvY29uc3VtZXItc2VydmljZXMvbnlzZS1idmgvYmx1ZWdyZWVuLXZhY2F0aW9ucy1ob2xkaW5nL25ld3MvaW5zdGl0dXRpb25hbC1vd25lcnMtbWF5LXRha2UtZHJhbWF0aWMtYWN0aW9ucy1hcy1ibHVlZ3JlZW4vYW1w?hl=en-US&gl=US&ceid=US%3Aen,0.298,0.702,0.0,-0.7783
"Investors push Cytokinetics (NASDAQ:CYTK) 3.8% lower this week, company's increasing losses might be to blame",,https://news.google.com/./articles/CBMikgFodHRwczovL3NpbXBseXdhbGwuc3Qvc3RvY2tzL3VzL3BoYXJtYWNldXRpY2Fscy1iaW90ZWNoL25hc2RhcS1jeXRrL2N5dG9raW5ldGljcy9uZXdzL2ludmVzdG9ycy1wdXNoLWN5dG9raW5ldGljcy1uYXNkYXFjeXRrLTM4LWxvd2VyLXRoaXMtd2Vlay1jb9IBlgFodHRwczovL3NpbXBseXdhbGwuc3Qvc3RvY2tzL3VzL3BoYXJtYWNldXRpY2Fscy1iaW90ZWNoL25hc2RhcS1jeXRrL2N5dG9raW5ldGljcy9uZXdzL2ludmVzdG9ycy1wdXNoLWN5dG9raW5ldGljcy1uYXNkYXFjeXRrLTM4LWxvd2VyLXRoaXMtd2Vlay1jby9hbXA?hl=en-US&gl=US&ceid=US%3Aen,0.477,0.36,0.162,-0.7906
CYTK Stock: Why CEO Robert Blum Says It's OK Cytokinetics Isn't ...,,https://news.google.com/./articles/CBMigAFodHRwczovL3d3dy5pbnZlc3RvcnMuY29tL25ld3MvdGVjaG5vbG9neS9jeXRrLXN0b2NrLXdoeS1jZW8tcm9iZXJ0LWJsdW0tc2F5cy1pdC1pcy1vay1jeXRva2luZXRpY3MtaXMtbm90LWFuLW92ZXJuaWdodC1zdWNjZXNzL9IBAA?hl=en-US&gl=US&ceid=US%3Aen,0.0,0.761,0.239,0.296
Cytokinetics: 2 Catalysts Make It Worth A Look (NASDAQ:CYTK),,https://news.google.com/./articles/CBMiZ2h0dHBzOi8vc2Vla2luZ2FscGhhLmNvbS9hcnRpY2xlLzQ1NDg3NDktY3l0b2tpbmV0aWNzLXR3by1jYXRhbHlzdHMtaGVhcnQtZmFpbHVyZS1kcnVnLW1ha2VzLXdvcnRoLWxvb2vSAQA?hl=en-US&gl=US&ceid=US%3Aen,0.0,0.682,0.318,0.4215
Cytokinetics: Surprise AdComm For Omecamtiv Causing Concern ...,,https://news.google.com/./articles/CBMiY2h0dHBzOi8vc2Vla2luZ2FscGhhLmNvbS9hcnRpY2xlLzQ1NDY5NjAtY3l0b2tpbmV0aWNzLXN1cnByaXNlLWFkY29tbS1mb3Itb21lY2FtdGl2LWNhdXNpbmctY29uY2VybtIBAA?hl=en-US&gl=US&ceid=US%3Aen,0.41,0.328,0.262,-0.4215
Cytokinetics Presents New Data From REDWOOD-HCM OLE in Late ...,,https://news.google.com/./articles/CBMiyQFodHRwczovL3d3dy5nbG9iZW5ld3N3aXJlLmNvbS9uZXdzLXJlbGVhc2UvMjAyMi8xMC8wMi8yNTI2NDE4LzAvZW4vQ3l0b2tpbmV0aWNzLVByZXNlbnRzLU5ldy1EYXRhLUZyb20tUkVEV09PRC1IQ00tT0xFLWluLUxhdGUtQnJlYWtpbmctQ2xpbmljYWwtVHJpYWwtU2Vzc2lvbi1hdC10aGUtSEZTQS1Bbm51YWwtU2NpZW50aWZpYy1NZWV0aW5nLmh0bWzSAQA?hl=en-US&gl=US&ceid=US%3Aen,0.0,1.0,0.0,0.0
Bristol Myers Squibb (BMY) Tops Q3 Earnings and Revenue Estimates,,https://news.google.com/./articles/CBMiS2h0dHBzOi8vZmluYW5jZS55YWhvby5jb20vbmV3cy9icmlzdG9sLW15ZXJzLXNxdWliYi1ibXktdG9wcy0wMDU1MTI5ODguaHRtbNIBU2h0dHBzOi8vZmluYW5jZS55YWhvby5jb20vYW1waHRtbC9uZXdzL2JyaXN0b2wtbXllcnMtc3F1aWJiLWJteS10b3BzLTAwNTUxMjk4OC5odG1s?hl=en-US&gl=US&ceid=US%3Aen,0.0,0.729,0.271,0.3818
New Tesla Cybertruck bodies spotted at Gigafactory Texas,,https://news.google.com/./articles/CBMiUWh0dHBzOi8vZWxlY3RyZWsuY28vMjAyMi8xMC8xNC90ZXNsYS1jeWJlcnRydWNrLWJvZGllcy1zcG90dGVkLWdpZ2FmYWN0b3J5LXRleGFzL9IBAA?hl=en-US&gl=US&ceid=US%3Aen,0.0,1.0,0.0,0.0
CRISPR Therapeutics operating chief Klein to step down,,https://news.google.com/./articles/CBMiXGh0dHBzOi8vc2Vla2luZ2FscGhhLmNvbS9uZXdzLzM4OTY0NDUtY3Jpc3ByLXRoZXJhcGV1dGljcy1vcGVyYXRpbmctY2hpZWYta2xlaW4tdG8tc3RlcC1kb3du0gEA?hl=en-US&gl=US&ceid=US%3Aen,0.0,1.0,0.0,0.0
"First nod in pocket, Camzyos is on its way with supplemental filing",,https://news.google.com/./articles/CBMiamh0dHBzOi8vd3d3LnRoZXBoYXJtYWxldHRlci5jb20vYXJ0aWNsZS9maXJzdC1ub2QtaW4tcG9ja2V0LWNhbXp5b3MtaXMtb24taXRzLXdheS13aXRoLXN1cHBsZW1lbnRhbC1maWxpbmfSAQA?hl=en-US&gl=US&ceid=US%3Aen,0.0,1.0,0.0,0.0
"Driven Brands Holdings Third Quarter 2022 Earnings: Revenues Beat Expectations, EPS Lags",,https://news.google.com/./articles/CBMilwFodHRwczovL3NpbXBseXdhbGwuc3Qvc3RvY2tzL3VzL2NvbW1lcmNpYWwtc2VydmljZXMvbmFzZGFxLWRydm4vZHJpdmVuLWJyYW5kcy1ob2xkaW5ncy9uZXdzL2RyaXZlbi1icmFuZHMtaG9sZGluZ3MtdGhpcmQtcXVhcnRlci0yMDIyLWVhcm5pbmdzLXJldmVudWVz0gGbAWh0dHBzOi8vc2ltcGx5d2FsbC5zdC9zdG9ja3MvdXMvY29tbWVyY2lhbC1zZXJ2aWNlcy9uYXNkYXEtZHJ2bi9kcml2ZW4tYnJhbmRzLWhvbGRpbmdzL25ld3MvZHJpdmVuLWJyYW5kcy1ob2xkaW5ncy10aGlyZC1xdWFydGVyLTIwMjItZWFybmluZ3MtcmV2ZW51ZXMvYW1w?hl=en-US&gl=US&ceid=US%3Aen,0.275,0.725,0.0,-0.5859
Ghislaine Maxwell reportedly asked Elon Musk to destroy the internet in the famous photo of the two that the billionaire claims was a photobomb,,https://news.google.com/./articles/CBMiVWh0dHBzOi8vZmluYW5jZS55YWhvby5jb20vbmV3cy9naGlzbGFpbmUtbWF4d2VsbC1yZXBvcnRlZGx5LWFza2VkLWVsb24tMTk1OTIwNDU0Lmh0bWzSAV1odHRwczovL2ZpbmFuY2UueWFob28uY29tL2FtcGh0bWwvbmV3cy9naGlzbGFpbmUtbWF4d2VsbC1yZXBvcnRlZGx5LWFza2VkLWVsb24tMTk1OTIwNDU0Lmh0bWw?hl=en-US&gl=US&ceid=US%3Aen,0.316,0.684,0.0,-0.7906
Upgrades and Downgrades,,https://news.google.com/./articles/CBMiM2h0dHBzOi8vd3d3LnN0b2Nrc3RlbGVncmFwaC5jb20vdXBncmFkZXMtZG93bmdyYWRlc9IBAA?hl=en-US&gl=US&ceid=US%3Aen,0.833,0.167,0.0,-0.7184
"Have Cytokinetics, Incorporated (NASDAQ:CYTK) Insiders Been Selling Their Stock?",,https://news.google.com/./articles/CBMikgFodHRwczovL3NpbXBseXdhbGwuc3Qvc3RvY2tzL3VzL3BoYXJtYWNldXRpY2Fscy1iaW90ZWNoL25hc2RhcS1jeXRrL2N5dG9raW5ldGljcy9uZXdzL2hhdmUtY3l0b2tpbmV0aWNzLWluY29ycG9yYXRlZC1uYXNkYXFjeXRrLWluc2lkZXJzLWJlZW4tc2VsbNIBlgFodHRwczovL3NpbXBseXdhbGwuc3Qvc3RvY2tzL3VzL3BoYXJtYWNldXRpY2Fscy1iaW90ZWNoL25hc2RhcS1jeXRrL2N5dG9raW5ldGljcy9uZXdzL2hhdmUtY3l0b2tpbmV0aWNzLWluY29ycG9yYXRlZC1uYXNkYXFjeXRrLWluc2lkZXJzLWJlZW4tc2VsbC9hbXA?hl=en-US&gl=US&ceid=US%3Aen,0.0,1.0,0.0,0.0
Cytokinetics Reports Third Quarter 2022 Financial Results,,https://news.google.com/./articles/CBMiiAFodHRwczovL3d3dy5nbG9iZW5ld3N3aXJlLmNvbS9lbi9uZXdzLXJlbGVhc2UvMjAyMi8xMS8wMy8yNTQ4MjEzLzM1NDA5L2VuL0N5dG9raW5ldGljcy1SZXBvcnRzLVRoaXJkLVF1YXJ0ZXItMjAyMi1GaW5hbmNpYWwtUmVzdWx0cy5odG1s0gEA?hl=en-US&gl=US&ceid=US%3Aen,0.0,1.0,0.0,0.0
Biotech Stocks Facing FDA Decision In December 2022,,https://news.google.com/./articles/CBMiU2h0dHBzOi8vd3d3Lm5hc2RhcS5jb20vYXJ0aWNsZXMvYmlvdGVjaC1zdG9ja3MtZmFjaW5nLWZkYS1kZWNpc2lvbi1pbi1kZWNlbWJlci0yMDIy0gEA?hl=en-US&gl=US&ceid=US%3Aen,0.0,1.0,0.0,0.0
A small bacteriophage protein determines the hierarchy over co ...,,https://news.google.com/./articles/CBMiMmh0dHBzOi8vd3d3Lm5hdHVyZS5jb20vYXJ0aWNsZXMvczQyMDAzLTAyMi0wNDIzOC0z0gEA?hl=en-US&gl=US&ceid=US%3Aen,0.0,1.0,0.0,0.0
The MarketWatch 50,,https://news.google.com/./articles/CBMiJGh0dHBzOi8vd3d3Lm1hcmtldHdhdGNoLmNvbS9tdy10b3A1MNIBAA?hl=en-US&gl=US&ceid=US%3Aen,0.0,1.0,0.0,0.0
Billionaire Ken Fisher’s Top 10 Dividend Stock Picks,,https://news.google.com/./articles/CBMiS2h0dHBzOi8vZmluYW5jZS55YWhvby5jb20vbmV3cy9iaWxsaW9uYWlyZS1rZW4tZmlzaGVyLXRvcC0xMC0xOTA4NTc5NDQuaHRtbNIBU2h0dHBzOi8vZmluYW5jZS55YWhvby5jb20vYW1waHRtbC9uZXdzL2JpbGxpb25haXJlLWtlbi1maXNoZXItdG9wLTEwLTE5MDg1Nzk0NC5odG1s?hl=en-US&gl=US&ceid=US%3Aen,0.0,0.698,0.302,0.3818
EXPLAINER: What's happening at bankrupt crypto exchange FTX?,,https://news.google.com/./articles/CBMiV2h0dHBzOi8vZmluYW5jZS55YWhvby5jb20vbmV3cy9leHBsYWluZXItd2hhdHMtaGFwcGVuaW5nLWJhbmtydXB0LWNyeXB0by0yMTMzMzUxNDUuaHRtbNIBX2h0dHBzOi8vZmluYW5jZS55YWhvby5jb20vYW1waHRtbC9uZXdzL2V4cGxhaW5lci13aGF0cy1oYXBwZW5pbmctYmFua3J1cHQtY3J5cHRvLTIxMzMzNTE0NS5odG1s?hl=en-US&gl=US&ceid=US%3Aen,0.554,0.446,0.0,-0.802
CYTK stock gains as FDA posts briefing documents on heart failure ...,,https://news.google.com/./articles/CBMibmh0dHBzOi8vc2Vla2luZ2FscGhhLmNvbS9uZXdzLzM5MTU3MTAtY3l0ay1zdG9jay1kaXBzLWFzLWZkYS1wb3N0cy1icmllZmluZy1kb2N1bWVudHMtb24taGVhcnQtZmFpbHVyZS10aGVyYXB50gEA?hl=en-US&gl=US&ceid=US%3Aen,0.304,0.38,0.315,0.0516
"Newsflash: Cytokinetics, Incorporated (NASDAQ:CYTK) Analysts Have Been Trimming Their Revenue Forecasts",,https://news.google.com/./articles/CBMikgFodHRwczovL3NpbXBseXdhbGwuc3Qvc3RvY2tzL3VzL3BoYXJtYWNldXRpY2Fscy1iaW90ZWNoL25hc2RhcS1jeXRrL2N5dG9raW5ldGljcy9uZXdzL25ld3NmbGFzaC1jeXRva2luZXRpY3MtaW5jb3Jwb3JhdGVkLW5hc2RhcWN5dGstYW5hbHlzdHMtaGF2ZdIBlgFodHRwczovL3NpbXBseXdhbGwuc3Qvc3RvY2tzL3VzL3BoYXJtYWNldXRpY2Fscy1iaW90ZWNoL25hc2RhcS1jeXRrL2N5dG9raW5ldGljcy9uZXdzL25ld3NmbGFzaC1jeXRva2luZXRpY3MtaW5jb3Jwb3JhdGVkLW5hc2RhcWN5dGstYW5hbHlzdHMtaGF2ZS9hbXA?hl=en-US&gl=US&ceid=US%3Aen,0.0,1.0,0.0,0.0
Cytokinetics (CYTK) Stock Gets A $72 Price Target,,https://news.google.com/./articles/CBMiQmh0dHBzOi8vcHVsc2UyLmNvbS9jeXRva2luZXRpY3MtY3l0ay1zdG9jay1nZXRzLWEtNzItcHJpY2UtdGFyZ2V0L9IBRmh0dHBzOi8vcHVsc2UyLmNvbS9jeXRva2luZXRpY3MtY3l0ay1zdG9jay1nZXRzLWEtNzItcHJpY2UtdGFyZ2V0L2FtcC8?hl=en-US&gl=US&ceid=US%3Aen,0.0,1.0,0.0,0.0
CYTK Stock Surges After A 'Blessing In Disguise' Negative FDA Move,,https://news.google.com/./articles/CBMia2h0dHBzOi8vd3d3LmludmVzdG9ycy5jb20vbmV3cy90ZWNobm9sb2d5L2N5dGstc3RvY2stc3VyZ2VzLWFmdGVyLWEtYmxlc3NpbmctaW4tZGlzZ3Vpc2UtbmVnYXRpdmUtZmRhLW1vdmUv0gEA?hl=en-US&gl=US&ceid=US%3Aen,0.475,0.253,0.273,-0.6124
Truist Financial Launches Cytokinetics Coverage (NASDAQ:CYTK),,https://news.google.com/./articles/CBMiSWh0dHBzOi8vYmVzdHN0b2Nrcy5jb20vdHJ1aXN0LWZpbmFuY2lhbC1sYXVuY2hlcy1jeXRva2luZXRpY3MtY292ZXJhZ2Utbi_SAQA?hl=en-US&gl=US&ceid=US%3Aen,0.0,1.0,0.0,0.0
Cytokinetics starts dosing of heart failure drug in phase 1 trial,,https://news.google.com/./articles/CBMiZ2h0dHBzOi8vc2Vla2luZ2FscGhhLmNvbS9uZXdzLzM5MTQ4NjktY3l0b2tpbmV0aWNzLXN0YXJ0cy1kb3Npbmctb2YtaGVhcnQtZmFpbHVyZS1kcnVnLWluLXBoYXNlLTEtdHJpYWzSAQA?hl=en-US&gl=US&ceid=US%3Aen,0.444,0.556,0.0,-0.765
"3 ""Strong Buy"" Stocks to Coast Your Portfolio into 2023",,https://news.google.com/./articles/CBMiVWh0dHBzOi8vd3d3Lm5hc2RhcS5jb20vYXJ0aWNsZXMvMy1zdHJvbmctYnV5LXN0b2Nrcy10by1jb2FzdC15b3VyLXBvcnRmb2xpby1pbnRvLTIwMjPSAQA?hl=en-US&gl=US&ceid=US%3Aen,0.0,0.417,0.583,0.765
U.S. FDA Advisors Vote Against Recommending Agency Approve ...,,https://news.google.com/./articles/CBMikQFodHRwczovL3d3dy5iZW56aW5nYS5jb20vbmV3cy8yMi8xMi8zMDA2NzIzNC91LXMtZmRhLWFkdmlzb3JzLXZvdGUtYWdhaW5zdC1yZWNvbW1lbmRpbmctYWdlbmN5LWFwcHJvdmUtY3l0b2tpbmV0aWNzLWhlYXJ0LWRydWctZm9yLXRyZWF0bWVudC1vZi1o0gEA?hl=en-US&gl=US&ceid=US%3Aen,0.0,0.556,0.444,0.6124
Cytokinetics Announces Presentation at the Virtual 33rd ...,,https://news.google.com/./articles/CBMiqQFodHRwczovL3d3dy5nbG9iZW5ld3N3aXJlLmNvbS9lbi9uZXdzLXJlbGVhc2UvMjAyMi8xMi8wMS8yNTY2MzA5LzM1NDA5L2VuL0N5dG9raW5ldGljcy1Bbm5vdW5jZXMtUHJlc2VudGF0aW9uLWF0LXRoZS1WaXJ0dWFsLTMzcmQtSW50ZXJuYXRpb25hbC1TeW1wb3NpdW0tb24tQUxTLU1ORC5odG1s0gEA?hl=en-US&gl=US&ceid=US%3Aen,0.0,1.0,0.0,0.0
Best stock picks for 2023: Here are Wall Street analysts' favored choices,,https://news.google.com/./articles/CBMiggFodHRwczovL3d3dy5tYXJrZXR3YXRjaC5jb20vc3RvcnkvYmVzdC1zdG9jay1waWNrcy1mb3ItMjAyMy1oZXJlLWFyZS13YWxsLXN0cmVldC1hbmFseXN0cy1tb3N0LWhlYXZpbHktZmF2b3JlZC1jaG9pY2VzLTExNjcwOTQyODI20gGGAWh0dHBzOi8vd3d3Lm1hcmtldHdhdGNoLmNvbS9hbXAvc3RvcnkvYmVzdC1zdG9jay1waWNrcy1mb3ItMjAyMy1oZXJlLWFyZS13YWxsLXN0cmVldC1hbmFseXN0cy1tb3N0LWhlYXZpbHktZmF2b3JlZC1jaG9pY2VzLTExNjcwOTQyODI2?hl=en-US&gl=US&ceid=US%3Aen,0.0,0.337,0.663,0.93
"Tesla To $175? Here Are 10 Other Price Target Changes For Friday - Mission Produce (NASDAQ:AVO), Clevelan",,https://news.google.com/./articles/CBMia2h0dHBzOi8vd3d3LmJlbnppbmdhLmNvbS9uZXdzLzIyLzEyLzMwMTg2MzYzL3Rlc2xhLXRvLTE3NS1oZXJlLWFyZS0xMC1vdGhlci1wcmljZS10YXJnZXQtY2hhbmdlcy1mb3ItZnJpZGF50gEtaHR0cHM6Ly93d3cuYmVuemluZ2EuY29tL2FtcC9jb250ZW50LzMwMTg2MzYz?hl=en-US&gl=US&ceid=US%3Aen,0.0,1.0,0.0,0.0
"Tuesday’s Top Analyst Upgrades and Downgrades: CarMax, Caterpillar, Cleveland-Cliffs, Eaton, First Solar, Medical Properties Trust, Paramount Global, Tesla and More",,https://news.google.com/./articles/CBMi2gFodHRwczovLzI0N3dhbGxzdC5jb20vaW52ZXN0aW5nLzIwMjIvMTIvMjcvdHVlc2RheS11cGdyYWRlcy1kb3duZ3JhZGVzLWFycmF5LXRlY2hub2xvZ2llcy1jYXJtYXgtY2F0ZXJwaWxsYXItY2xldmVsYW5kLWNsaWZmcy1lYXRvbi1maXJzdC1zb2xhci1pbnRlcmNvbnRpbmVudGFsLWV4Y2hhbmdlLW1lZGljYWwtcHJvcGVydGllcy10cnVzdC1wYXJhbW91bnQtZ2xvYmFsLXRlc2xhL9IB3gFodHRwczovLzI0N3dhbGxzdC5jb20vaW52ZXN0aW5nLzIwMjIvMTIvMjcvdHVlc2RheS11cGdyYWRlcy1kb3duZ3JhZGVzLWFycmF5LXRlY2hub2xvZ2llcy1jYXJtYXgtY2F0ZXJwaWxsYXItY2xldmVsYW5kLWNsaWZmcy1lYXRvbi1maXJzdC1zb2xhci1pbnRlcmNvbnRpbmVudGFsLWV4Y2hhbmdlLW1lZGljYWwtcHJvcGVydGllcy10cnVzdC1wYXJhbW91bnQtZ2xvYmFsLXRlc2xhL2FtcC8?hl=en-US&gl=US&ceid=US%3Aen,0.177,0.532,0.291,0.4939
"Stocks To Watch: Eyes On Pfizer, Yum Brands, Oracle And Centene",,https://news.google.com/./articles/CBMiZGh0dHBzOi8vc2Vla2luZ2FscGhhLmNvbS9hcnRpY2xlLzQ1NjM2MjItc3RvY2stdG8td2F0Y2gtZXllcy1vbi1wZml6ZXIteXVtLWJyYW5kcy1vcmFjbGUtYW5kLWNlbnRlbmXSAQA?hl=en-US&gl=US&ceid=US%3Aen,0.0,1.0,0.0,0.0
"At US$243, Is It Time To Put Stryker Corporation (NYSE:SYK) On Your Watch List?",,https://news.google.com/./articles/CBMifWh0dHBzOi8vc2ltcGx5d2FsbC5zdC9zdG9ja3MvdXMvaGVhbHRoY2FyZS9ueXNlLXN5ay9zdHJ5a2VyL25ld3MvYXQtdXMyNDMtaXMtaXQtdGltZS10by1wdXQtc3RyeWtlci1jb3Jwb3JhdGlvbi1ueXNlc3lrLW9uLXlv0gGBAWh0dHBzOi8vc2ltcGx5d2FsbC5zdC9zdG9ja3MvdXMvaGVhbHRoY2FyZS9ueXNlLXN5ay9zdHJ5a2VyL25ld3MvYXQtdXMyNDMtaXMtaXQtdGltZS10by1wdXQtc3RyeWtlci1jb3Jwb3JhdGlvbi1ueXNlc3lrLW9uLXlvL2FtcA?hl=en-US&gl=US&ceid=US%3Aen,0.0,1.0,0.0,0.0
Deere's (NYSE:DE) Dividend Will Be Increased To $1.20,,https://news.google.com/./articles/CBMicGh0dHBzOi8vc2ltcGx5d2FsbC5zdC9zdG9ja3MvdXMvY2FwaXRhbC1nb29kcy9ueXNlLWRlL2RlZXJlL25ld3MvZGVlcmVzLW55c2VkZS1kaXZpZGVuZC13aWxsLWJlLWluY3JlYXNlZC10by0xMjDSAXRodHRwczovL3NpbXBseXdhbGwuc3Qvc3RvY2tzL3VzL2NhcGl0YWwtZ29vZHMvbnlzZS1kZS9kZWVyZS9uZXdzL2RlZXJlcy1ueXNlZGUtZGl2aWRlbmQtd2lsbC1iZS1pbmNyZWFzZWQtdG8tMTIwL2FtcA?hl=en-US&gl=US&ceid=US%3Aen,0.0,0.526,0.474,0.5574
Insiders Relieved After Selling Easterly Government Properties With 7.8% Price Dip,,https://news.google.com/./articles/CBMilQFodHRwczovL3NpbXBseXdhbGwuc3Qvc3RvY2tzL3VzL3JlYWwtZXN0YXRlL255c2UtZGVhL2Vhc3Rlcmx5LWdvdmVybm1lbnQtcHJvcGVydGllcy9uZXdzL2luc2lkZXJzLXJlbGlldmVkLWFmdGVyLXNlbGxpbmctZWFzdGVybHktZ292ZXJubWVudC1wcm9wZXJ0adIBmQFodHRwczovL3NpbXBseXdhbGwuc3Qvc3RvY2tzL3VzL3JlYWwtZXN0YXRlL255c2UtZGVhL2Vhc3Rlcmx5LWdvdmVybm1lbnQtcHJvcGVydGllcy9uZXdzL2luc2lkZXJzLXJlbGlldmVkLWFmdGVyLXNlbGxpbmctZWFzdGVybHktZ292ZXJubWVudC1wcm9wZXJ0aS9hbXA?hl=en-US&gl=US&ceid=US%3Aen,0.0,0.636,0.364,0.6124
Private companies invested in Golden Ocean Group Limited (NASDAQ:GOGL) copped the brunt of last week's US$106m market cap decline,,https://news.google.com/./articles/CBMijwFodHRwczovL3NpbXBseXdhbGwuc3Qvc3RvY2tzL3VzL3RyYW5zcG9ydGF0aW9uL25hc2RhcS1nb2dsL2dvbGRlbi1vY2Vhbi1ncm91cC9uZXdzL3ByaXZhdGUtY29tcGFuaWVzLWludmVzdGVkLWluLWdvbGRlbi1vY2Vhbi1ncm91cC1saW1pdGVkLW5hc9IBkwFodHRwczovL3NpbXBseXdhbGwuc3Qvc3RvY2tzL3VzL3RyYW5zcG9ydGF0aW9uL25hc2RhcS1nb2dsL2dvbGRlbi1vY2Vhbi1ncm91cC9uZXdzL3ByaXZhdGUtY29tcGFuaWVzLWludmVzdGVkLWluLWdvbGRlbi1vY2Vhbi1ncm91cC1saW1pdGVkLW5hcy9hbXA?hl=en-US&gl=US&ceid=US%3Aen,0.358,0.642,0.0,-0.8316
"Wednesday’s Top Analyst Upgrades and Downgrades: Apple, Caterpillar, Costco, Hasbro, Rivian, Tapestry, Walmart and More",,https://news.google.com/./articles/CBMi4QFodHRwczovLzI0N3dhbGxzdC5jb20vaW52ZXN0aW5nLzIwMjIvMTIvMjEvd2VkbmVzZGF5cy10b3AtYW5hbHlzdC11cGdyYWRlcy1hbmQtZG93bmdyYWRlcy1hcHBsZS1ib3N0b24tc2NpZW50aWZpYy1jYXRlcnBpbGxhci1jaWVuYS1jb3N0Y28td2hvbGVzYWxlLWdlbmVyYWMtaGFzYnJvLXJpdmlhbi1hdXRvbW90aXZlLXN0ZWVsLWR5bmFtaWNzLXRhcGVzdHJ5LXRyYWRlLWRlc2std2FsbWFydC_SAeUBaHR0cHM6Ly8yNDd3YWxsc3QuY29tL2ludmVzdGluZy8yMDIyLzEyLzIxL3dlZG5lc2RheXMtdG9wLWFuYWx5c3QtdXBncmFkZXMtYW5kLWRvd25ncmFkZXMtYXBwbGUtYm9zdG9uLXNjaWVudGlmaWMtY2F0ZXJwaWxsYXItY2llbmEtY29zdGNvLXdob2xlc2FsZS1nZW5lcmFjLWhhc2Jyby1yaXZpYW4tYXV0b21vdGl2ZS1zdGVlbC1keW5hbWljcy10YXBlc3RyeS10cmFkZS1kZXNrLXdhbG1hcnQvYW1wLw?hl=en-US&gl=US&ceid=US%3Aen,0.284,0.568,0.148,-0.5267
"Patience May Wane For Glaukos' Increasing Losses, Stock Sheds 6.3% In A Week",,https://news.google.com/./articles/CBMifWh0dHBzOi8vc2ltcGx5d2FsbC5zdC9zdG9ja3MvdXMvaGVhbHRoY2FyZS9ueXNlLWdrb3MvZ2xhdWtvcy9uZXdzL3BhdGllbmNlLW1heS13YW5lLWZvci1nbGF1a29zLWluY3JlYXNpbmctbG9zc2VzLXN0b2NrLXNoZWRz0gGBAWh0dHBzOi8vc2ltcGx5d2FsbC5zdC9zdG9ja3MvdXMvaGVhbHRoY2FyZS9ueXNlLWdrb3MvZ2xhdWtvcy9uZXdzL3BhdGllbmNlLW1heS13YW5lLWZvci1nbGF1a29zLWluY3JlYXNpbmctbG9zc2VzLXN0b2NrLXNoZWRzL2FtcA?hl=en-US&gl=US&ceid=US%3Aen,0.254,0.493,0.254,0.0
Exclusive-Sam Bankman-Fried to reverse decision on contesting extradition,,https://news.google.com/./articles/CBMiUGh0dHBzOi8vZmluYW5jZS55YWhvby5jb20vbmV3cy9zYW0tYmFua21hbi1mcmllZC1yZXZlcnNlLWRlY2lzaW9uLTE5NDkxMTg2NC5odG1s0gFYaHR0cHM6Ly9maW5hbmNlLnlhaG9vLmNvbS9hbXBodG1sL25ld3Mvc2FtLWJhbmttYW4tZnJpZWQtcmV2ZXJzZS1kZWNpc2lvbi0xOTQ5MTE4NjQuaHRtbA?hl=en-US&gl=US&ceid=US%3Aen,0.0,0.778,0.222,0.25
An FTX exec bought $6 million of real estate and restaurants in a small Massachusetts town. The crypto giant's collapse has a local official worried about the town's future.,,https://news.google.com/./articles/CBMiR2h0dHBzOi8vZmluYW5jZS55YWhvby5jb20vbmV3cy9mdHgtZXhlYy1ib3VnaHQtNi1taWxsaW9uLTE2Mzg1MTIxNy5odG1s0gFPaHR0cHM6Ly9maW5hbmNlLnlhaG9vLmNvbS9hbXBodG1sL25ld3MvZnR4LWV4ZWMtYm91Z2h0LTYtbWlsbGlvbi0xNjM4NTEyMTcuaHRtbA?hl=en-US&gl=US&ceid=US%3Aen,0.355,0.645,0.0,-0.8689
The Linux Foundation Training & Certification Launches SkillCreds ...,,https://news.google.com/./articles/CBMiXmh0dHBzOi8vZmluYW5jZS55YWhvby5jb20vbmV3cy9saW51eC1mb3VuZGF0aW9uLXRyYWluaW5nLWNlcnRpZmljYXRpb24tbGF1bmNoZXMtMTkzMDAwMjUxLmh0bWzSAQA?hl=en-US&gl=US&ceid=US%3Aen,0.0,1.0,0.0,0.0
2023-01-30 | NDAQ:CYTK | Press Release | Cytokinetics Incorporated,,https://news.google.com/./articles/CBMigAFodHRwczovL3N0b2NraG91c2UuY29tL25ld3MvcHJlc3MtcmVsZWFzZXMvMjAyMy8wMS8zMC9jeXRva2luZXRpY3MtYW5ub3VuY2VzLXJlY2lwaWVudHMtb2YtaXRzLWZpZnRoLWFubnVhbC1jb21tdW5pY2F0aW9ucy1ncmFudNIBAA?hl=en-US&gl=US&ceid=US%3Aen,0.0,1.0,0.0,0.0
"Cytokinetics, Incorporated's (NASDAQ:CYTK) Intrinsic Value Is Potentially 100% Above Its Share Price",,https://news.google.com/./articles/CBMikgFodHRwczovL3NpbXBseXdhbGwuc3Qvc3RvY2tzL3VzL3BoYXJtYWNldXRpY2Fscy1iaW90ZWNoL25hc2RhcS1jeXRrL2N5dG9raW5ldGljcy9uZXdzL2N5dG9raW5ldGljcy1pbmNvcnBvcmF0ZWRzLW5hc2RhcWN5dGstaW50cmluc2ljLXZhbHVlLWlzLXBvdNIBlgFodHRwczovL3NpbXBseXdhbGwuc3Qvc3RvY2tzL3VzL3BoYXJtYWNldXRpY2Fscy1iaW90ZWNoL25hc2RhcS1jeXRrL2N5dG9raW5ldGljcy9uZXdzL2N5dG9raW5ldGljcy1pbmNvcnBvcmF0ZWRzLW5hc2RhcWN5dGstaW50cmluc2ljLXZhbHVlLWlzLXBvdC9hbXA?hl=en-US&gl=US&ceid=US%3Aen,0.0,0.493,0.507,0.802
Where To Now With Cytokinetics After The Omecamtiv Outcome ...,,https://news.google.com/./articles/CBMiU2h0dHBzOi8vc2Vla2luZ2FscGhhLmNvbS9hcnRpY2xlLzQ1NjgyMzctY3l0b2tpbmV0aWNzLXN0b2NrLWFmdGVyLW9tZWNhbXRpdi1vdXRjb21l0gEA?hl=en-US&gl=US&ceid=US%3Aen,0.0,1.0,0.0,0.0
"US Bancorp DE Trims Stock Holdings in Cytokinetics, Incorporated ...",,https://news.google.com/./articles/CBMiTGh0dHBzOi8vd3d3Lm1hcmtldGJlYXQuY29tL2luc3RhbnQtYWxlcnRzL25hc2RhcS1jeXRrLXNlYy1maWxpbmctMjAyMy0wMS0xOS_SAQA?hl=en-US&gl=US&ceid=US%3Aen,0.0,1.0,0.0,0.0
"Fady Ibraham Malik, EVP of Cytokinetics, Incorporated (NASDAQ ...",,https://news.google.com/./articles/CBMiSGh0dHBzOi8vYmVzdHN0b2Nrcy5jb20vZmFkeS1pYnJhaGFtLW1hbGlrLWV2cC1vZi1jeXRva2luZXRpY3MtaW5jb3Jwb3JhL9IBAA?hl=en-US&gl=US&ceid=US%3Aen,0.0,1.0,0.0,0.0
The Oregon Public Employees Retirement Fund owns $1.51 million ...,,https://news.google.com/./articles/CBMiSGh0dHBzOi8vYmVzdHN0b2Nrcy5jb20vdGhlLW9yZWdvbi1wdWJsaWMtZW1wbG95ZWVzLXJldGlyZW1lbnQtZnVuZC1vd25zL9IBAA?hl=en-US&gl=US&ceid=US%3Aen,0.0,1.0,0.0,0.0
Analysts Line up Their Top Picks for 2023,,https://news.google.com/./articles/CBMiT2h0dHBzOi8vd3d3LnRpcHJhbmtzLmNvbS9uZXdzL2FydGljbGUvYW5hbHlzdHMtbGluZS11cC10aGVpci10b3AtcGlja3MtZm9yLTIwMjPSAQA?hl=en-US&gl=US&ceid=US%3Aen,0.0,0.536,0.464,0.3818
Macro Pairs Trade: Short ARKK And Long Healthcare (IBB),,https://news.google.com/./articles/CBMiVWh0dHBzOi8vc2Vla2luZ2FscGhhLmNvbS9hcnRpY2xlLzQ1Njg3OTEtbWFjcm8tcGFpcnMtdHJhZGUtc2hvcnQtYXJray1sb25nLWhlYWx0aGNhcmXSAQA?hl=en-US&gl=US&ceid=US%3Aen,0.0,1.0,0.0,0.0
Is It Time To Consider Buying International Business Machines Corporation (NYSE:IBM)?,,https://news.google.com/./articles/CBMilQFodHRwczovL3NpbXBseXdhbGwuc3Qvc3RvY2tzL3VzL3NvZnR3YXJlL255c2UtaWJtL2ludGVybmF0aW9uYWwtYnVzaW5lc3MtbWFjaGluZXMvbmV3cy9pcy1pdC10aW1lLXRvLWNvbnNpZGVyLWJ1eWluZy1pbnRlcm5hdGlvbmFsLWJ1c2luZXNzLW1hY2hpbmUtMdIBmQFodHRwczovL3NpbXBseXdhbGwuc3Qvc3RvY2tzL3VzL3NvZnR3YXJlL255c2UtaWJtL2ludGVybmF0aW9uYWwtYnVzaW5lc3MtbWFjaGluZXMvbmV3cy9pcy1pdC10aW1lLXRvLWNvbnNpZGVyLWJ1eWluZy1pbnRlcm5hdGlvbmFsLWJ1c2luZXNzLW1hY2hpbmUtMS9hbXA?hl=en-US&gl=US&ceid=US%3Aen,0.0,1.0,0.0,0.0
Returns On Capital Are A Standout For NVR (NYSE:NVR),,https://news.google.com/./articles/CBMidWh0dHBzOi8vc2ltcGx5d2FsbC5zdC9zdG9ja3MvdXMvY29uc3VtZXItZHVyYWJsZXMvbnlzZS1udnIvbnZyL25ld3MvcmV0dXJucy1vbi1jYXBpdGFsLWFyZS1hLXN0YW5kb3V0LWZvci1udnItbnlzZW52ctIBeWh0dHBzOi8vc2ltcGx5d2FsbC5zdC9zdG9ja3MvdXMvY29uc3VtZXItZHVyYWJsZXMvbnlzZS1udnIvbnZyL25ld3MvcmV0dXJucy1vbi1jYXBpdGFsLWFyZS1hLXN0YW5kb3V0LWZvci1udnItbnlzZW52ci9hbXA?hl=en-US&gl=US&ceid=US%3Aen,0.0,1.0,0.0,0.0
Is NVIDIA (NASDAQ:NVDA) A Risky Investment?,,https://news.google.com/./articles/CBMicGh0dHBzOi8vc2ltcGx5d2FsbC5zdC9zdG9ja3MvdXMvc2VtaWNvbmR1Y3RvcnMvbmFzZGFxLW52ZGEvbnZpZGlhL25ld3MvaXMtbnZpZGlhLW5hc2RhcW52ZGEtYS1yaXNreS1pbnZlc3RtZW50LTHSAXRodHRwczovL3NpbXBseXdhbGwuc3Qvc3RvY2tzL3VzL3NlbWljb25kdWN0b3JzL25hc2RhcS1udmRhL252aWRpYS9uZXdzL2lzLW52aWRpYS1uYXNkYXFudmRhLWEtcmlza3ktaW52ZXN0bWVudC0xL2FtcA?hl=en-US&gl=US&ceid=US%3Aen,0.394,0.606,0.0,-0.3818
Are IDEX's Strong Financials Guiding Its Uptrend?,,https://news.google.com/./articles/CBMicGh0dHBzOi8vc2ltcGx5d2FsbC5zdC9zdG9ja3MvdXMvY2FwaXRhbC1nb29kcy9ueXNlLWlleC9pZGV4L25ld3MvYXJlLWlkZXhzLXN0cm9uZy1maW5hbmNpYWxzLWd1aWRpbmctaXRzLXVwdHJlbmTSAXRodHRwczovL3NpbXBseXdhbGwuc3Qvc3RvY2tzL3VzL2NhcGl0YWwtZ29vZHMvbnlzZS1pZXgvaWRleC9uZXdzL2FyZS1pZGV4cy1zdHJvbmctZmluYW5jaWFscy1ndWlkaW5nLWl0cy11cHRyZW5kL2FtcA?hl=en-US&gl=US&ceid=US%3Aen,0.0,0.417,0.583,0.765
Global cardiomyopathies market set to reach $9.63 billion by 2031,,https://news.google.com/./articles/CBMiaGh0dHBzOi8vd3d3LnRoZXBoYXJtYWxldHRlci5jb20vYXJ0aWNsZS9nbG9iYWwtY2FyZGlvbXlvcGF0aGllcy1tYXJrZXQtc2V0LXRvLXJlYWNoLTktNjMtYmlsbGlvbi1ieS0yMDMx0gEA?hl=en-US&gl=US&ceid=US%3Aen,0.0,0.806,0.194,0.0516
"Arrow Electronics, Inc.'s (NYSE:ARW) Recent Stock Performance Looks Decent- Can Strong Fundamentals Be the Reason?",,https://news.google.com/./articles/CBMigQFodHRwczovL3NpbXBseXdhbGwuc3Qvc3RvY2tzL3VzL3RlY2gvbnlzZS1hcncvYXJyb3ctZWxlY3Ryb25pY3MvbmV3cy9hcnJvdy1lbGVjdHJvbmljcy1pbmNzLW55c2VhcnctcmVjZW50LXN0b2NrLXBlcmZvcm1hbmNlLWxvb2vSAYUBaHR0cHM6Ly9zaW1wbHl3YWxsLnN0L3N0b2Nrcy91cy90ZWNoL255c2UtYXJ3L2Fycm93LWVsZWN0cm9uaWNzL25ld3MvYXJyb3ctZWxlY3Ryb25pY3MtaW5jcy1ueXNlYXJ3LXJlY2VudC1zdG9jay1wZXJmb3JtYW5jZS1sb29rL2FtcA?hl=en-US&gl=US&ceid=US%3Aen,0.0,0.682,0.318,0.765
"Housing: The three biggest challenges homebuyers are facing right now, according to agents and buyers",,https://news.google.com/./articles/CBMijAFodHRwczovL2ZpbmFuY2UueWFob28uY29tL2hvdXNpbmctdGhlLXRocmVlLWJpZ2dlc3QtY2hhbGxlbmdlcy1ob21lYnV5ZXJzLWFyZS1mYWNpbmctcmlnaHQtbm93LWFjY29yZGluZy10by1hZ2VudHMtYW5kLWJ1eWVycy0xNTUzNTM0MDYuaHRtbNIBlAFodHRwczovL2ZpbmFuY2UueWFob28uY29tL2FtcGh0bWwvaG91c2luZy10aGUtdGhyZWUtYmlnZ2VzdC1jaGFsbGVuZ2VzLWhvbWVidXllcnMtYXJlLWZhY2luZy1yaWdodC1ub3ctYWNjb3JkaW5nLXRvLWFnZW50cy1hbmQtYnV5ZXJzLTE1NTM1MzQwNi5odG1s?hl=en-US&gl=US&ceid=US%3Aen,0.0,0.849,0.151,0.1531
"A company insider recently sold 10,000 shares of Cytokinetics Incorporated [CYTK]. Should You Sale?",,https://news.google.com/./articles/CBMigAFodHRwczovL2tub3hkYWlseS5jb20vMjAyMy8wMS8yNi9hLWNvbXBhbnktaW5zaWRlci1yZWNlbnRseS1zb2xkLTEwMDAwLXNoYXJlcy1vZi1jeXRva2luZXRpY3MtaW5jb3Jwb3JhdGVkLWN5dGstc2hvdWxkLXlvdS1zYWxlL9IBhAFodHRwczovL2tub3hkYWlseS5jb20vMjAyMy8wMS8yNi9hLWNvbXBhbnktaW5zaWRlci1yZWNlbnRseS1zb2xkLTEwMDAwLXNoYXJlcy1vZi1jeXRva2luZXRpY3MtaW5jb3Jwb3JhdGVkLWN5dGstc2hvdWxkLXlvdS1zYWxlL2FtcC8?hl=en-US&gl=US&ceid=US%3Aen,0.0,0.702,0.298,0.5267
The outlook and analysis of Compania de Minas Buenaventura ...,,https://news.google.com/./articles/CBMia2h0dHBzOi8vbXpwbmV3cy5jb20vMjAyMy8wMS8yMC90aGUtb3V0bG9vay1hbmQtYW5hbHlzaXMtb2YtY29tcGFuaWEtZGUtbWluYXMtYnVlbmF2ZW50dXJhLXMtYS1hLWJ2bnMtc3RvY2sv0gEA?hl=en-US&gl=US&ceid=US%3Aen,0.0,1.0,0.0,0.0
Checking in on Terex Corporation (TEX) after recent insiders movement,,https://news.google.com/./articles/CBMiZWh0dHBzOi8va25veGRhaWx5LmNvbS8yMDIzLzAxLzE4L2NoZWNraW5nLWluLW9uLXRlcmV4LWNvcnBvcmF0aW9uLXRleC1hZnRlci1yZWNlbnQtaW5zaWRlcnMtbW92ZW1lbnQv0gFpaHR0cHM6Ly9rbm94ZGFpbHkuY29tLzIwMjMvMDEvMTgvY2hlY2tpbmctaW4tb24tdGVyZXgtY29ycG9yYXRpb24tdGV4LWFmdGVyLXJlY2VudC1pbnNpZGVycy1tb3ZlbWVudC9hbXAv?hl=en-US&gl=US&ceid=US%3Aen,0.0,1.0,0.0,0.0
Victory Capital Management Inc. Lowers Stock Position in Nexstar ...,,https://news.google.com/./articles/CBMigwFodHRwczovL3d3dy5ldGZkYWlseW5ld3MuY29tLzIwMjMvMDEvMjMvdmljdG9yeS1jYXBpdGFsLW1hbmFnZW1lbnQtaW5jLWxvd2Vycy1zdG9jay1wb3NpdGlvbi1pbi1uZXhzdGFyLW1lZGlhLWdyb3VwLWluYy1uYXNkYXFueHN0L9IBAA?hl=en-US&gl=US&ceid=US%3Aen,0.327,0.673,0.0,-0.5267
Alcoa (NYSE:AA) Price Target Increased to $55.00 by Analysts at ...,,https://news.google.com/./articles/CBMibmh0dHBzOi8vd3d3LmV0ZmRhaWx5bmV3cy5jb20vMjAyMy8wMS8yMS9hbGNvYS1ueXNlYWEtcHJpY2UtdGFyZ2V0LWluY3JlYXNlZC10by01NS0wMC1ieS1hbmFseXN0cy1hdC1jaXRpZ3JvdXAv0gEA?hl=en-US&gl=US&ceid=US%3Aen,0.0,0.625,0.375,0.5574
SG Americas Securities LLC Sells 19841 Shares of APi Group Co ...,,https://news.google.com/./articles/CBMiaWh0dHBzOi8vcmVwb3J0ZXIuYW0vMjAyMy8wMS8yMi9zZy1hbWVyaWNhcy1zZWN1cml0aWVzLWxsYy1zZWxscy0xOTg0MS1zaGFyZXMtb2YtYXBpLWdyb3VwLWNvLW55c2VhcGcuaHRtbNIBAA?hl=en-US&gl=US&ceid=US%3Aen,0.0,0.493,0.507,0.802
JPMorgan Chase & Co. (NYSE:JPM) is Horan Capital Advisors LLC ...,,https://news.google.com/./articles/CBMid2h0dHBzOi8vd3d3LmV0ZmRhaWx5bmV3cy5jb20vMjAyMy8wMS8yMi9qcG1vcmdhbi1jaGFzZS1jby1ueXNlanBtLWlzLWhvcmFuLWNhcGl0YWwtYWR2aXNvcnMtbGxjLXMtOXRoLWxhcmdlc3QtcG9zaXRpb24v0gEA?hl=en-US&gl=US&ceid=US%3Aen,0.0,1.0,0.0,0.0
Cwm LLC Buys 1682 Shares of News Co. (NASDAQ:NWS),,https://news.google.com/./articles/CBMiUWh0dHBzOi8vcmVwb3J0ZXIuYW0vMjAyMy8wMS8yMC9jd20tbGxjLWJ1eXMtMTY4Mi1zaGFyZXMtb2YtbmV3cy1jby1uYXNkYXFud3MuaHRtbNIBAA?hl=en-US&gl=US&ceid=US%3Aen,0.0,0.673,0.327,0.5267
